well,sample_id,before-3,after_neat,after-1,experiment,plate,trial,lysis_method,infection duration,to exclude,strain_group
A3,∆rbf ST5,23,,75,exp181219-,A,2,water,24h,,
D7,∆rbf ST5,18,,66,exp181219-,A,2,water,24h,,
G11,∆rbf ST5,20,,67,exp181219-,A,2,water,24h,,
A3,∆rbf ST5,28,1,0,exp191209-,A,1,triton,24h,,
D7,∆rbf ST5,19,0,0,exp191209-,A,1,triton,24h,,
G11,∆rbf ST5,26,0,0,exp191209-,A,1,triton,24h,,
C10,∆rbf ST8,14,,46,exp181219-,A,2,water,24h,,
H7,∆rbf ST8,17,,36,exp181219-,A,2,water,24h,,
H9,∆rbf ST8,19,,0,exp181219-,A,2,water,24h,,
C10,∆rbf ST8,10,1,0,exp191209-,A,1,triton,24h,,
H7,∆rbf ST8,20,1,0,exp191209-,A,1,triton,24h,,
H9,∆rbf ST8,13,0,0,exp191209-,A,1,triton,24h,,
A3,∆rbf ST8,72,,13,exp200122-,E,1,water,24h,,
D7,∆rbf ST8,29,,4,exp200122-,E,1,water,24h,,
G11,∆rbf ST8,45,,0,exp200122-,E,1,water,24h,,
A3,∆rbf ST8,13,13,0,exp200203-,E,2,water,72h,,
D7,∆rbf ST8,9,2.5,0,exp200203-,E,2,water,72h,,
G11,∆rbf ST8,6,0,0,exp200203-,E,2,water,72h,,
B2,2014-21162,27,,27,exp181219-,A,2,water,24h,,
G3,2014-21162,30,,26,exp181219-,A,2,water,24h,,
H3,2014-21162,35,,30,exp181219-,A,2,water,24h,,
B2,2014-21162,13,20,2,exp191209-,A,1,triton,24h,,
G3,2014-21162,17,10,4,exp191209-,A,1,triton,24h,,
H3,2014-21162,19,16,4,exp191209-,A,1,triton,24h,,
E8,2014-21163,29,,113,exp181219-,A,2,water,24h,,
F8,2014-21163,23,,144,exp181219-,A,2,water,24h,,
G8,2014-21163,33,,103,exp181219-,A,2,water,24h,,
E8,2014-21163,16,83,22,exp191209-,A,1,triton,24h,,
F8,2014-21163,20,56,25,exp191209-,A,1,triton,24h,,
G8,2014-21163,25,87,16,exp191209-,A,1,triton,24h,,
A7,2014-21165,63,,23,exp181219-,A,2,water,24h,,
E11,2014-21165,44,,36,exp181219-,A,2,water,24h,,
H4,2014-21165,62,,27,exp181219-,A,2,water,24h,,
A7,2014-21165,30,0,1,exp191209-,A,1,triton,24h,,
E11,2014-21165,35,4,11,exp191209-,A,1,triton,24h,,
H4,2014-21165,43,6,0,exp191209-,A,1,triton,24h,,
D9,2014-21166,83,,18,exp181219-,A,2,water,24h,,
E9,2014-21166,71,,11,exp181219-,A,2,water,24h,,
F9,2014-21166,84,,14,exp181219-,A,2,water,24h,,
D9,2014-21166,10,1,0,exp191209-,A,1,triton,24h,,
E9,2014-21166,14,0,5,exp191209-,A,1,triton,24h,,
F9,2014-21166,10,7,0,exp191209-,A,1,triton,24h,,
A3,A477D,66.5,37,0,exp200213-,F,1,water,48h,,
D7,A477D,1,13,0,exp200213-,F,1,water,48h,,
G11,A477D,19,0,0,exp200213-,F,1,water,48h,,
A11,AUS0325,34,,74,exp181219-,A,2,water,24h,,
C1,AUS0325,14,,69,exp181219-,A,2,water,24h,,
H6,AUS0325,17,,65,exp181219-,A,2,water,24h,,
A11,AUS0325,29,0,2,exp191209-,A,1,triton,24h,,
C1,AUS0325,19,1,0,exp191209-,A,1,triton,24h,,
H6,AUS0325,18,1,0,exp191209-,A,1,triton,24h,,
D10,AUS0328,27,,123,exp181219-,A,2,water,24h,,
D4,AUS0328,35,,133,exp181219-,A,2,water,24h,,
E4,AUS0328,34,,122,exp181219-,A,2,water,24h,,
D10,AUS0328,43,0,1,exp191209-,A,1,triton,24h,,
D4,AUS0328,32,0,0,exp191209-,A,1,triton,24h,,
E4,AUS0328,39,1,6,exp191209-,A,1,triton,24h,,
C10,BPH2819,68,,37,exp200122-,E,1,water,24h,,
H7,BPH2819,77,,27,exp200122-,E,1,water,24h,,
H9,BPH2819,80,,24,exp200122-,E,1,water,24h,,
C10,BPH2819,25,73,4,exp200203-,E,2,water,72h,,
H7,BPH2819,14,5,0,exp200203-,E,2,water,72h,,
H9,BPH2819,7,1,0,exp200203-,E,2,water,72h,,
B2,BPH2986,54,,14,exp200122-,E,1,water,24h,,
G3,BPH2986,37,,13,exp200122-,E,1,water,24h,,
H3,BPH2986,58,,11,exp200122-,E,1,water,24h,,
B2,BPH2986,3,2,0,exp200203-,E,2,water,72h,,
G3,BPH2986,8,1,0,exp200203-,E,2,water,72h,,
H3,BPH2986,5,10,0,exp200203-,E,2,water,72h,,
C10,BPH2986,0,40,0,exp200213-,F,1,water,48h,,
H7,BPH2986,14,55,0,exp200213-,F,1,water,48h,,
H9,BPH2986,21,0,0,exp200213-,F,1,water,48h,,
C7,BPH3835,19,,112,exp181219-,A,2,water,24h,,
G10,BPH3835,20,,100,exp181219-,A,2,water,24h,,
H5,BPH3835,21,,104,exp181219-,A,2,water,24h,,
C7,BPH3835,7,57,38,exp191209-,A,1,triton,24h,,
G10,BPH3835,16,54,32,exp191209-,A,1,triton,24h,,
H5,BPH3835,15,67,19,exp191209-,A,1,triton,24h,,
B2,H481N-L466S,7,6,0,exp200213-,F,1,water,48h,,
G3,H481N-L466S,0.5,7,0,exp200213-,F,1,water,48h,,
H3,H481N-L466S,4,14,0,exp200213-,F,1,water,48h,,
E8,H481Y,2,1,0,exp200213-,F,1,water,48h,,
F8,H481Y,2,3,0,exp200213-,F,1,water,48h,,
G8,H481Y,3,8,0,exp200213-,F,1,water,48h,,
C2,hsdR SSR ST8,8,,70,exp181219-,A,2,water,24h,,
G4,hsdR SSR ST8,12,,43,exp181219-,A,2,water,24h,,
H2,hsdR SSR ST8,14,,15,exp181219-,A,2,water,24h,,
C2,hsdR SSR ST8,10,0,2,exp191209-,A,1,triton,24h,,
G4,hsdR SSR ST8,17,0,0,exp191209-,A,1,triton,24h,,
H2,hsdR SSR ST8,14,5,2,exp191209-,A,1,triton,24h,,
B8,JE2,12,,40,exp181219-,A,2,water,24h,,NEBRASKA
D5,JE2,13,,52,exp181219-,A,2,water,24h,,NEBRASKA
G7,JE2,16,,25,exp181219-,A,2,water,24h,,NEBRASKA
B8,JE2,5,1,0,exp191209-,A,1,triton,24h,,NEBRASKA
D5,JE2,7,1,1,exp191209-,A,1,triton,24h,,NEBRASKA
G7,JE2,15,2,1,exp191209-,A,1,triton,24h,,NEBRASKA
A3,JE2,3,,14,exp191216-,B,1,water,24h,,NEBRASKA
D7,JE2,3,,9,exp191216-,B,1,water,24h,,NEBRASKA
G11,JE2,3,,0,exp191216-,B,1,water,24h,,NEBRASKA
A3,JE2,14,,25,exp191219-,C,2,water,24h,,NEBRASKA
D7,JE2,13,,35,exp191219-,C,2,water,24h,,NEBRASKA
G11,JE2,23,,0,exp191219-,C,2,water,24h,,NEBRASKA
E8,JE2,34,,6,exp200122-,E,1,water,24h,,NEBRASKA
F8,JE2,55,,7,exp200122-,E,1,water,24h,,NEBRASKA
G8,JE2,31,,5,exp200122-,E,1,water,24h,,NEBRASKA
E8,JE2,0,0,0,exp200203-,E,2,water,72h,,NEBRASKA
F8,JE2,9,2,1,exp200203-,E,2,water,72h,,NEBRASKA
G8,JE2,8,1,0,exp200203-,E,2,water,72h,,NEBRASKA
A7,JE2,2,33,0,exp200213-,F,1,water,48h,evaporation,NEBRASKA
E11,JE2,4,14,0,exp200213-,F,1,water,48h,,NEBRASKA
H4,JE2,1.5,3,0,exp200213-,F,1,water,48h,,NEBRASKA
A3,JE2,49,,21,exp201219-,D,1,water,24h,,NEBRASKA
D7,JE2,43,,25,exp201219-,D,1,water,24h,,NEBRASKA
G11,JE2,53,,8,exp201219-,D,1,water,24h,,NEBRASKA
D9,L466S,2,33,0,exp200213-,F,1,water,48h,,
E9,L466S,7,16,0,exp200213-,F,1,water,48h,,
F9,L466S,13,49,0,exp200213-,F,1,water,48h,,
A4,ribA SSR ST5,34,,55,exp181219-,A,2,water,24h,,
B9,ribA SSR ST5,32,,70,exp181219-,A,2,water,24h,,
E10,ribA SSR ST5,28,,66,exp181219-,A,2,water,24h,,
A4,ribA SSR ST5,20,0,0,exp191209-,A,1,triton,24h,,
B9,ribA SSR ST5,13,1,1,exp191209-,A,1,triton,24h,,
E10,ribA SSR ST5,20,0,0,exp191209-,A,1,triton,24h,,
A7,ribA SSR ST5,87,,24,exp200122-,E,1,water,24h,,
E11,ribA SSR ST5,68,,22,exp200122-,E,1,water,24h,,
H4,ribA SSR ST5,74,,16,exp200122-,E,1,water,24h,,
A7,ribA SSR ST5,6,1,0,exp200203-,E,2,water,72h,,
E11,ribA SSR ST5,4,73,10,exp200203-,E,2,water,72h,,
H4,ribA SSR ST5,4,41,4,exp200203-,E,2,water,72h,,
A2,ribA SSR ST8,23,,35,exp181219-,A,2,water,24h,,
B12,ribA SSR ST8,19,,26,exp181219-,A,2,water,24h,,
B4,ribA SSR ST8,10,,36,exp181219-,A,2,water,24h,,
A2,ribA SSR ST8,8,0,0,exp191209-,A,1,triton,24h,,
B12,ribA SSR ST8,19,0,0,exp191209-,A,1,triton,24h,,
B4,ribA SSR ST8,17,0,0,exp191209-,A,1,triton,24h,,
B11,∆ribA ST5,29,,70,exp181219-,A,2,water,24h,,
C5,∆ribA ST5,30,,66,exp181219-,A,2,water,24h,,
G1,∆ribA ST5,36,,65,exp181219-,A,2,water,24h,,
B11,∆ribA ST5,23,1,6,exp191209-,A,1,triton,24h,,
C5,∆ribA ST5,18,1,0,exp191209-,A,1,triton,24h,,
G1,∆ribA ST5,17,2,0,exp191209-,A,1,triton,24h,,
D9,∆ribA ST5,71,,21,exp200122-,E,1,water,24h,,
E9,∆ribA ST5,80,,31,exp200122-,E,1,water,24h,,
F9,∆ribA ST5,65,,19,exp200122-,E,1,water,24h,,
D9,∆ribA ST5,12,63,3,exp200203-,E,2,water,72h,,
E9,∆ribA ST5,8,60,4,exp200203-,E,2,water,72h,,
F9,∆ribA ST5,6,76,5,exp200203-,E,2,water,72h,,
A6,∆ribA ST8,20,,10,exp181219-,A,2,water,24h,,
B7,∆ribA ST8,24,,24,exp181219-,A,2,water,24h,,
D8,∆ribA ST8,14,,46,exp181219-,A,2,water,24h,,
A6,∆ribA ST8,20,0,0,exp191209-,A,1,triton,24h,,
B7,∆ribA ST8,8,0,0,exp191209-,A,1,triton,24h,,
D8,∆ribA ST8,10,1,0,exp191209-,A,1,triton,24h,,
F3,agrA SSR ST8,13,,100,exp181219-,A,2,water,24h,,
F7,agrA SSR ST8,32,,100,exp181219-,A,2,water,24h,,
G6,agrA SSR ST8,13,,100,exp181219-,A,2,water,24h,,
F3,agrA SSR ST8,3,18,10,exp191209-,A,1,triton,24h,,
F7,agrA SSR ST8,1,34,15,exp191209-,A,1,triton,24h,,
G6,agrA SSR ST8,11,37,5,exp191209-,A,1,triton,24h,,
A11,agrA SSR ST8,54,,74,exp200122-,E,1,water,24h,,
C1,agrA SSR ST8,56,,62,exp200122-,E,1,water,24h,,
H6,agrA SSR ST8,52,,56,exp200122-,E,1,water,24h,,
A11,agrA SSR ST8,2,150,15,exp200203-,E,2,water,72h,,
C1,agrA SSR ST8,2,470,47,exp200203-,E,2,water,72h,,
H6,agrA SSR ST8,5,370,37,exp200203-,E,2,water,72h,,
A10,cidA SSR ST8,19,,24,exp181219-,A,2,water,24h,,
F10,cidA SSR ST8,21,,63,exp181219-,A,2,water,24h,,
G9,cidA SSR ST8,13,,46,exp181219-,A,2,water,24h,,
A10,cidA SSR ST8,29,0,1,exp191209-,A,1,triton,24h,,
F10,cidA SSR ST8,14,0,0,exp191209-,A,1,triton,24h,,
G9,cidA SSR ST8,9,25,0,exp191209-,A,1,triton,24h,,
A12,lrgA SSR ST8,22,,20,exp181219-,A,2,water,24h,,
D11,lrgA SSR ST8,9,,60,exp181219-,A,2,water,24h,,
H8,lrgA SSR ST8,12,,38,exp181219-,A,2,water,24h,,
A12,lrgA SSR ST8,20,0,0,exp191209-,A,1,triton,24h,,
D11,lrgA SSR ST8,10,0,0,exp191209-,A,1,triton,24h,,
H8,lrgA SSR ST8,14,0,0,exp191209-,A,1,triton,24h,,
A11,lrgA SSR ST8,4,52,0,exp200213-,F,1,water,48h,,
C1,lrgA SSR ST8,15,34,0,exp200213-,F,1,water,48h,,
H6,lrgA SSR ST8,5,68,0,exp200213-,F,1,water,48h,,
C8,amaP SSR ST8,7,,46,exp181219-,A,2,water,24h,,
C9,amaP SSR ST8,6,,10,exp181219-,A,2,water,24h,,
G12,amaP SSR ST8,18,,51,exp181219-,A,2,water,24h,,
C8,amaP SSR ST8,7,1,2,exp191209-,A,1,triton,24h,,
C9,amaP SSR ST8,10,1,0,exp191209-,A,1,triton,24h,,
G12,amaP SSR ST8,9,0,0,exp191209-,A,1,triton,24h,,
A9,atl SSR ST5,27,,65,exp181219-,A,2,water,24h,,
C11,atl SSR ST5,17,,100,exp181219-,A,2,water,24h,,
D3,atl SSR ST5,39,,64,exp181219-,A,2,water,24h,,
A9,atl SSR ST5,25,2,0,exp191209-,A,1,triton,24h,,
C11,atl SSR ST5,21,1,1,exp191209-,A,1,triton,24h,,
D3,atl SSR ST5,23,0,0,exp191209-,A,1,triton,24h,,
D10,atl SSR ST5,64,,19,exp200122-,E,1,water,24h,,
D4,atl SSR ST5,50,,34,exp200122-,E,1,water,24h,,
E4,atl SSR ST5,63,,47,exp200122-,E,1,water,24h,,
D4,atl SSR ST5,20,50,3,exp200203-,E,2,water,72h,,
D10,atl SSR ST5,17,53,3,exp200203-,E,2,water,72h,,
E4,atl SSR ST5,50,55,4,exp200203-,E,2,water,72h,,
E12,rsgA SSR ST5,26,,72,exp181219-,A,2,water,24h,,
E3,rsgA SSR ST5,17,,100,exp181219-,A,2,water,24h,,
F2,rsgA SSR ST5,25,,72,exp181219-,A,2,water,24h,,
E12,rsgA SSR ST5,30,0,0,exp191209-,A,1,triton,24h,,
E3,rsgA SSR ST5,21,2,0,exp191209-,A,1,triton,24h,,
F2,rsgA SSR ST5,19,2,1,exp191209-,A,1,triton,24h,,
C6,BPH2986,11,,56,exp181219-,A,2,water,24h,,
E2,BPH2986,8,,75,exp181219-,A,2,water,24h,,
E6,BPH2986,11,,67,exp181219-,A,2,water,24h,,
C6,BPH2986,12,0,0,exp191209-,A,1,triton,24h,,
E2,BPH2986,7,2,0,exp191209-,A,1,triton,24h,,
E6,BPH2986,15,0,0,exp191209-,A,1,triton,24h,,
A1,BPH2819,32,,60,exp181219-,A,2,water,24h,,
C3,BPH2819,40,,100,exp181219-,A,2,water,24h,,
F4,BPH2819,25,,62,exp181219-,A,2,water,24h,,
A1,BPH2819,32,3,0,exp191209-,A,1,triton,24h,,
C3,BPH2819,17,2,1,exp191209-,A,1,triton,24h,,
F4,BPH2819,14,3,0,exp191209-,A,1,triton,24h,,
H10,Maximum cell death,0,,0,exp200122-,E,1,water,24h,,
H11,Maximum cell death,0,,0,exp200122-,E,1,water,24h,,
H12,Maximum cell death,0,,0,exp200122-,E,1,water,24h,,
H10,Maximum cell death,0,0,0,exp200203-,E,2,water,72h,,
H11,Maximum cell death,0,0,0,exp200203-,E,2,water,72h,,
H12,Maximum cell death,0,0,0,exp200203-,E,2,water,72h,,
H10,Maximum cell death,0,0,0,exp200213-,F,1,water,48h,,
H11,Maximum cell death,0,0,0,exp200213-,F,1,water,48h,,
H12,Maximum cell death,0,0,0,exp200213-,F,1,water,48h,,
B10,mutL SSR ST8,8,,35,exp181219-,A,2,water,24h,,
D12,mutL SSR ST8,16,,14,exp181219-,A,2,water,24h,,
D2,mutL SSR ST8,10,,51,exp181219-,A,2,water,24h,,
B10,mutL SSR ST8,11,0,0,exp191209-,A,1,triton,24h,,
D12,mutL SSR ST8,21,0,0,exp191209-,A,1,triton,24h,,
D2,mutL SSR ST8,11,5,0,exp191209-,A,1,triton,24h,,
D4,NCV,3.5,5,0,exp200213-,F,1,water,48h,,
D10,NCV,1,5,0,exp200213-,F,1,water,48h,,
E4,NCV,4,19,0,exp200213-,F,1,water,48h,,
C10,NE1,5,,4,exp191216-,B,1,water,24h,,NEBRASKA
H7,NE1,3,,20,exp191216-,B,1,water,24h,,NEBRASKA
H9,NE1,6,,0,exp191216-,B,1,water,24h,,NEBRASKA
B2,NE1183,1,,3,exp191216-,B,1,water,24h,,NEBRASKA
G3,NE1183,5,,30,exp191216-,B,1,water,24h,,NEBRASKA
H3,NE1183,4,,5,exp191216-,B,1,water,24h,,NEBRASKA
C7,NE1183,37,,9,exp200122-,E,1,water,24h,,NEBRASKA
G10,NE1183,23,,6,exp200122-,E,1,water,24h,,NEBRASKA
H5,NE1183,55,,4,exp200122-,E,1,water,24h,,NEBRASKA
C7,NE1183,8,1,0,exp200203-,E,2,water,72h,,NEBRASKA
G10,NE1183,13,0,0,exp200203-,E,2,water,72h,,NEBRASKA
H5,NE1183,5,0,0,exp200203-,E,2,water,72h,,NEBRASKA
E8,NE1189,5,,6,exp191216-,B,1,water,24h,,NEBRASKA
F8,NE1189,6,,3,exp191216-,B,1,water,24h,,NEBRASKA
G8,NE1189,7,,11,exp191216-,B,1,water,24h,,NEBRASKA
C2,NE1189,47,,29,exp200122-,E,1,water,24h,,NEBRASKA
G4,NE1189,26,,15,exp200122-,E,1,water,24h,,NEBRASKA
H2,NE1189,55,,18,exp200122-,E,1,water,24h,,NEBRASKA
C2,NE1189,6,0,0,exp200203-,E,2,water,72h,,NEBRASKA
G4,NE1189,8,0,0,exp200203-,E,2,water,72h,,NEBRASKA
H2,NE1189,2,1,0,exp200203-,E,2,water,72h,,NEBRASKA
A7,NE1246,3,,14,exp191216-,B,1,water,24h,,NEBRASKA
E11,NE1246,1,,3,exp191216-,B,1,water,24h,,NEBRASKA
H4,NE1246,6,,0,exp191216-,B,1,water,24h,,NEBRASKA
D9,NE1253,5,,5,exp191216-,B,1,water,24h,,NEBRASKA
E9,NE1253,7,,6,exp191216-,B,1,water,24h,,NEBRASKA
F9,NE1253,3,,2,exp191216-,B,1,water,24h,,NEBRASKA
A11,NE1261,5,,3,exp191216-,B,1,water,24h,,NEBRASKA
C1,NE1261,7,,21,exp191216-,B,1,water,24h,,NEBRASKA
H6,NE1261,4,,9,exp191216-,B,1,water,24h,,NEBRASKA
D4,NE130,4,,14,exp191216-,B,1,water,24h,,NEBRASKA
D10,NE130,6,,14,exp191216-,B,1,water,24h,,NEBRASKA
E4,NE130,5,,5,exp191216-,B,1,water,24h,,NEBRASKA
C7,NE1300,3,,15,exp191216-,B,1,water,24h,,NEBRASKA
G10,NE1300,7,,0,exp191216-,B,1,water,24h,,NEBRASKA
H5,NE1300,6,,5,exp191216-,B,1,water,24h,,NEBRASKA
C2,NE1335,5,,0,exp191216-,B,1,water,24h,,NEBRASKA
G4,NE1335,3,,4,exp191216-,B,1,water,24h,,NEBRASKA
H2,NE1335,11,,20,exp191216-,B,1,water,24h,,NEBRASKA
B8,NE1335,34,,7,exp200122-,E,1,water,24h,,NEBRASKA
D5,NE1335,38,,4,exp200122-,E,1,water,24h,,NEBRASKA
G7,NE1335,20,,10,exp200122-,E,1,water,24h,,NEBRASKA
B8,NE1335,5,2,0,exp200203-,E,2,water,72h,,NEBRASKA
D5,NE1335,8,1,0,exp200203-,E,2,water,72h,,NEBRASKA
G7,NE1335,7,5,0,exp200203-,E,2,water,72h,,NEBRASKA
B8,NE1446,3,,2,exp191216-,B,1,water,24h,,NEBRASKA
D5,NE1446,3,,14,exp191216-,B,1,water,24h,,NEBRASKA
G7,NE1446,6,,22,exp191216-,B,1,water,24h,,NEBRASKA
A4,NE1446,38,,21,exp200122-,E,1,water,24h,,NEBRASKA
B9,NE1446,24,,4,exp200122-,E,1,water,24h,,NEBRASKA
E10,NE1446,44,,14,exp200122-,E,1,water,24h,,NEBRASKA
A4,NE1446,12,1,0,exp200203-,E,2,water,72h,,NEBRASKA
B9,NE1446,8,0,0,exp200203-,E,2,water,72h,,NEBRASKA
E10,NE1446,6,6,1,exp200203-,E,2,water,72h,,NEBRASKA
A4,NE1483,7,,3,exp191216-,B,1,water,24h,,NEBRASKA
B9,NE1483,6,,3,exp191216-,B,1,water,24h,,NEBRASKA
E10,NE1483,2,,8,exp191216-,B,1,water,24h,,NEBRASKA
A2,NE150,13,,2,exp191216-,B,1,water,24h,,NEBRASKA
B4,NE150,4,,3,exp191216-,B,1,water,24h,,NEBRASKA
B12,NE150,7,,0,exp191216-,B,1,water,24h,,NEBRASKA
B11,NE1511,13,,3,exp191216-,B,1,water,24h,,NEBRASKA
C5,NE1511,12,,16,exp191216-,B,1,water,24h,,NEBRASKA
G1,NE1511,3,,21,exp191216-,B,1,water,24h,,NEBRASKA
A2,NE1511,55,,14,exp200122-,E,1,water,24h,,NEBRASKA
B12,NE1511,60,,21,exp200122-,E,1,water,24h,,NEBRASKA
B4,NE1511,44,,5,exp200122-,E,1,water,24h,,NEBRASKA
A2,NE1511,11,2,0,exp200203-,E,2,water,72h,,NEBRASKA
B4,NE1511,3,2,0,exp200203-,E,2,water,72h,,NEBRASKA
B12,NE1511,11,0,0,exp200203-,E,2,water,72h,,NEBRASKA
A6,NE1531,4,,8,exp191216-,B,1,water,24h,,NEBRASKA
B7,NE1531,3,,8,exp191216-,B,1,water,24h,,NEBRASKA
D8,NE1531,4,,4,exp191216-,B,1,water,24h,,NEBRASKA
B11,NE1531,30,,7,exp200122-,E,1,water,24h,,NEBRASKA
C5,NE1531,27,,30,exp200122-,E,1,water,24h,,NEBRASKA
G1,NE1531,27,,22,exp200122-,E,1,water,24h,,NEBRASKA
B11,NE1531,2,0,0,exp200203-,E,2,water,72h,,NEBRASKA
C5,NE1531,1,2,0,exp200203-,E,2,water,72h,,NEBRASKA
G1,NE1531,3,1,0,exp200203-,E,2,water,72h,,NEBRASKA
F3,NE154,10,,4,exp191216-,B,1,water,24h,,NEBRASKA
F7,NE154,3,,10,exp191216-,B,1,water,24h,,NEBRASKA
G6,NE154,13,,15,exp191216-,B,1,water,24h,,NEBRASKA
A6,NE154,56,,8,exp200122-,E,1,water,24h,,NEBRASKA
B7,NE154,38,,13,exp200122-,E,1,water,24h,,NEBRASKA
D8,NE154,21,,9,exp200122-,E,1,water,24h,,NEBRASKA
A6,NE154,5,0,0,exp200203-,E,2,water,72h,,NEBRASKA
B7,NE154,7,2.5,0,exp200203-,E,2,water,72h,,NEBRASKA
D8,NE154,6,4,0,exp200203-,E,2,water,72h,,NEBRASKA
A10,NE1558,11,,13,exp191216-,B,1,water,24h,,NEBRASKA
F10,NE1558,4,,10,exp191216-,B,1,water,24h,,NEBRASKA
G9,NE1558,5,,5,exp191216-,B,1,water,24h,,NEBRASKA
F3,NE1558,56,,4,exp200122-,E,1,water,24h,,NEBRASKA
F7,NE1558,52,,9,exp200122-,E,1,water,24h,,NEBRASKA
G6,NE1558,34,,20,exp200122-,E,1,water,24h,,NEBRASKA
F3,NE1558,15,0,0,exp200203-,E,2,water,72h,,NEBRASKA
F7,NE1558,17,1,0,exp200203-,E,2,water,72h,,NEBRASKA
G6,NE1558,3,0,0,exp200203-,E,2,water,72h,,NEBRASKA
A12,NE1686,6,,2,exp191216-,B,1,water,24h,,NEBRASKA
D11,NE1686,8,,5,exp191216-,B,1,water,24h,,NEBRASKA
H8,NE1686,1,,10,exp191216-,B,1,water,24h,,NEBRASKA
A10,NE1686,30,,11,exp200122-,E,1,water,24h,,NEBRASKA
F10,NE1686,26,,18,exp200122-,E,1,water,24h,,NEBRASKA
G9,NE1686,14,,8,exp200122-,E,1,water,24h,,NEBRASKA
A10,NE1686,2,1,0,exp200203-,E,2,water,72h,,NEBRASKA
F10,NE1686,3,1,1,exp200203-,E,2,water,72h,,NEBRASKA
G9,NE1686,6,0,0,exp200203-,E,2,water,72h,,NEBRASKA
C8,NE1687,4,,9,exp191216-,B,1,water,24h,,NEBRASKA
C9,NE1687,6,,16,exp191216-,B,1,water,24h,,NEBRASKA
G12,NE1687,4,,0,exp191216-,B,1,water,24h,,NEBRASKA
A9,NE17,3,,1,exp191216-,B,1,water,24h,,NEBRASKA
C11,NE17,4,,5,exp191216-,B,1,water,24h,,NEBRASKA
D3,NE17,10,,29,exp191216-,B,1,water,24h,,NEBRASKA
E3,NE1702,7,,9,exp191216-,B,1,water,24h,,NEBRASKA
E12,NE1702,19,,1,exp191216-,B,1,water,24h,,NEBRASKA
F2,NE1702,4,,2,exp191216-,B,1,water,24h,,NEBRASKA
A12,NE1702,83,,23,exp200122-,E,1,water,24h,,NEBRASKA
D11,NE1702,29,,7,exp200122-,E,1,water,24h,,NEBRASKA
H8,NE1702,60,,5,exp200122-,E,1,water,24h,,NEBRASKA
A12,NE1702,5,1,0,exp200203-,E,2,water,72h,,NEBRASKA
D11,NE1702,7,0,0,exp200203-,E,2,water,72h,,NEBRASKA
H8,NE1702,7,0,0,exp200203-,E,2,water,72h,,NEBRASKA
C6,NE1729,3,,1,exp191216-,B,1,water,24h,,NEBRASKA
E2,NE1729,6,,9,exp191216-,B,1,water,24h,,NEBRASKA
E6,NE1729,1,,6,exp191216-,B,1,water,24h,,NEBRASKA
A1,NE1743,21,,16,exp191216-,B,1,water,24h,,NEBRASKA
C3,NE1743,10,,11,exp191216-,B,1,water,24h,,NEBRASKA
F4,NE1743,7,,9,exp191216-,B,1,water,24h,,NEBRASKA
C8,NE1743,31,,14,exp200122-,E,1,water,24h,,NEBRASKA
C9,NE1743,40,,14,exp200122-,E,1,water,24h,,NEBRASKA
G12,NE1743,39,,0,exp200122-,E,1,water,24h,,NEBRASKA
C8,NE1743,10,2,0,exp200203-,E,2,water,72h,,NEBRASKA
C9,NE1743,14,1,0,exp200203-,E,2,water,72h,,NEBRASKA
G12,NE1743,25,0,0,exp200203-,E,2,water,72h,,NEBRASKA
B10,NE178,5,,3,exp191216-,B,1,water,24h,,NEBRASKA
D2,NE178,6,,2,exp191216-,B,1,water,24h,,NEBRASKA
D12,NE178,7,,9,exp191216-,B,1,water,24h,,NEBRASKA
B1,NE1801,8,,7,exp191216-,B,1,water,24h,,NEBRASKA
B3,NE1801,4,,2,exp191216-,B,1,water,24h,,NEBRASKA
C4,NE1801,8,,4,exp191216-,B,1,water,24h,,NEBRASKA
B5,NE1811,3,,9,exp191216-,B,1,water,24h,,NEBRASKA
F1,NE1811,8,,7,exp191216-,B,1,water,24h,,NEBRASKA
G2,NE1811,6,,7,exp191216-,B,1,water,24h,,NEBRASKA
F5,NE1820,3,,9,exp191216-,B,1,water,24h,,NEBRASKA
F6,NE1820,4,,5,exp191216-,B,1,water,24h,,NEBRASKA
G5,NE1820,4,,9,exp191216-,B,1,water,24h,,NEBRASKA
A8,NE1848,7,,6,exp191216-,B,1,water,24h,,NEBRASKA
D1,NE1848,5,,12,exp191216-,B,1,water,24h,,NEBRASKA
F12,NE1848,3,,1,exp191216-,B,1,water,24h,,NEBRASKA
A5,NE185,10,,2,exp191216-,B,1,water,24h,,NEBRASKA
E7,NE185,5,,14,exp191216-,B,1,water,24h,,NEBRASKA
H1,NE185,10,,6,exp191216-,B,1,water,24h,,NEBRASKA
C10,NE186,18,,40,exp191219-,C,2,water,24h,,NEBRASKA
H7,NE186,17,,19,exp191219-,C,2,water,24h,,NEBRASKA
H9,NE186,21,,6,exp191219-,C,2,water,24h,,NEBRASKA
C7,NE186,4,9,0,exp200213-,F,1,water,48h,,NEBRASKA
G10,NE186,1,0,0,exp200213-,F,1,water,48h,,NEBRASKA
H5,NE186,4,19,0,exp200213-,F,1,water,48h,,NEBRASKA
B2,NE1887,18,,25,exp191219-,C,2,water,24h,,NEBRASKA
G3,NE1887,13,,50,exp191219-,C,2,water,24h,,NEBRASKA
H3,NE1887,12,,10,exp191219-,C,2,water,24h,,NEBRASKA
C2,NE1887,3,33,0,exp200213-,F,1,water,48h,,NEBRASKA
G4,NE1887,0,23,0,exp200213-,F,1,water,48h,,NEBRASKA
H2,NE1887,3,3,0,exp200213-,F,1,water,48h,,NEBRASKA
E8,NE1897,17,,22,exp191219-,C,2,water,24h,,NEBRASKA
F8,NE1897,18,,21,exp191219-,C,2,water,24h,,NEBRASKA
G8,NE1897,12,,33,exp191219-,C,2,water,24h,,NEBRASKA
A7,NE228,20,,25,exp191219-,C,2,water,24h,,NEBRASKA
E11,NE228,16,,39,exp191219-,C,2,water,24h,,NEBRASKA
H4,NE228,16,,8,exp191219-,C,2,water,24h,,NEBRASKA
B8,NE228,2,6,0,exp200213-,F,1,water,48h,,NEBRASKA
D5,NE228,0,34,0,exp200213-,F,1,water,48h,,NEBRASKA
G7,NE228,1,12,0,exp200213-,F,1,water,48h,,NEBRASKA
D9,NE242,16,,40,exp191219-,C,2,water,24h,,NEBRASKA
E9,NE242,12,,34,exp191219-,C,2,water,24h,,NEBRASKA
F9,NE242,14,,23,exp191219-,C,2,water,24h,,NEBRASKA
A11,NE247,17,,29,exp191219-,C,2,water,24h,,NEBRASKA
C1,NE247,15,,16,exp191219-,C,2,water,24h,,NEBRASKA
H6,NE247,11,,11,exp191219-,C,2,water,24h,,NEBRASKA
E3,NE282,16,,37,exp191219-,C,2,water,24h,,NEBRASKA
F2,NE282,20,,20,exp191219-,C,2,water,24h,,NEBRASKA
A4,NE282,2,4,0,exp200213-,F,1,water,48h,,NEBRASKA
B9,NE282,0,10,0,exp200213-,F,1,water,48h,,NEBRASKA
E10,NE282,1,5,0,exp200213-,F,1,water,48h,,NEBRASKA
D10,NE282 or NE382,15,,24,exp191219-,C,2,water,24h,,NEBRASKA
D4,NE282 or NE382,15,,23,exp191219-,C,2,water,24h,,NEBRASKA
E4,NE282 or NE382,17,,36,exp191219-,C,2,water,24h,,NEBRASKA
C7,NE286,41,,82,exp191219-,C,2,water,24h,,NEBRASKA
G10,NE286,46,,0,exp191219-,C,2,water,24h,,NEBRASKA
H5,NE286,53,,53,exp191219-,C,2,water,24h,,NEBRASKA
A2,NE286,9,53,0,exp200213-,F,1,water,48h,,NEBRASKA
B4,NE286,5.5,5,0,exp200213-,F,1,water,48h,,NEBRASKA
B12,NE286,20,18,0,exp200213-,F,1,water,48h,,NEBRASKA
C2,NE29,14,,70,exp191219-,C,2,water,24h,,NEBRASKA
G4,NE29,15,,81,exp191219-,C,2,water,24h,,NEBRASKA
H2,NE29,20,,89,exp191219-,C,2,water,24h,,NEBRASKA
A9,NE29,42,,38,exp200122-,E,1,water,24h,,NEBRASKA
C11,NE29,36,,45,exp200122-,E,1,water,24h,,NEBRASKA
D3,NE29,45,,50,exp200122-,E,1,water,24h,,NEBRASKA
A9,NE29,8,40,0,exp200203-,E,2,water,72h,,NEBRASKA
C11,NE29,3,61,1,exp200203-,E,2,water,72h,,NEBRASKA
D3,NE29,17,31,1,exp200203-,E,2,water,72h,,NEBRASKA
B8,NE300,17,,24,exp191219-,C,2,water,24h,,NEBRASKA
D5,NE300,11,,18,exp191219-,C,2,water,24h,,NEBRASKA
G7,NE300,16,,21,exp191219-,C,2,water,24h,,NEBRASKA
A4,NE302,21,,19,exp191219-,C,2,water,24h,,NEBRASKA
B9,NE302,13,,17,exp191219-,C,2,water,24h,,NEBRASKA
E10,NE302,19,,38,exp191219-,C,2,water,24h,,NEBRASKA
A2,NE319,21,,29,exp191219-,C,2,water,24h,,NEBRASKA
B12,NE319,19,,38,exp191219-,C,2,water,24h,,NEBRASKA
B4,NE319,10,,32,exp191219-,C,2,water,24h,,NEBRASKA
B11,NE338,22,,27,exp191219-,C,2,water,24h,,NEBRASKA
C5,NE338,6,,40,exp191219-,C,2,water,24h,,NEBRASKA
G1,NE338,26,,35,exp191219-,C,2,water,24h,,NEBRASKA
A6,NE346,17,,43,exp191219-,C,2,water,24h,,NEBRASKA
B7,NE346,17,,59,exp191219-,C,2,water,24h,,NEBRASKA
D8,NE346,11,,41,exp191219-,C,2,water,24h,,NEBRASKA
E12,NE346,60,,18,exp200122-,E,1,water,24h,,NEBRASKA
E3,NE346,38,,46,exp200122-,E,1,water,24h,,NEBRASKA
F2,NE346,43,,15,exp200122-,E,1,water,24h,,NEBRASKA
E3,NE346,11,4,0,exp200203-,E,2,water,72h,,NEBRASKA
E12,NE346,10,0,0,exp200203-,E,2,water,72h,dry well,NEBRASKA
F2,NE346,6,1,0,exp200203-,E,2,water,72h,,NEBRASKA
F3,NE348,12,,13,exp191219-,C,2,water,24h,,NEBRASKA
F7,NE348,15,,33,exp191219-,C,2,water,24h,,NEBRASKA
G6,NE348,12,,34,exp191219-,C,2,water,24h,,NEBRASKA
A10,NE35,16,,43,exp191219-,C,2,water,24h,,NEBRASKA
F10,NE35,19.5,,28,exp191219-,C,2,water,24h,,NEBRASKA
G9,NE35,16,,26,exp191219-,C,2,water,24h,,NEBRASKA
A12,NE354,18,,38,exp191219-,C,2,water,24h,,NEBRASKA
D11,NE354,13,,50,exp191219-,C,2,water,24h,,NEBRASKA
H8,NE354,25,,22,exp191219-,C,2,water,24h,,NEBRASKA
C8,NE363,14,,7,exp191219-,C,2,water,24h,,NEBRASKA
C9,NE363,10,,33,exp191219-,C,2,water,24h,,NEBRASKA
G12,NE363,25,,1,exp191219-,C,2,water,24h,,NEBRASKA
B11,NE363,0,7,0,exp200213-,F,1,water,48h,,NEBRASKA
C5,NE363,2,7,0,exp200213-,F,1,water,48h,,NEBRASKA
G1,NE363,9,58,0,exp200213-,F,1,water,48h,,NEBRASKA
A9,NE376,11,,27,exp191219-,C,2,water,24h,,NEBRASKA
C11,NE376,12,,19,exp191219-,C,2,water,24h,,NEBRASKA
D3,NE376,19,,35,exp191219-,C,2,water,24h,,NEBRASKA
C6,NE382,41,,7,exp200122-,E,1,water,24h,,NEBRASKA
E2,NE382,52,,13,exp200122-,E,1,water,24h,,NEBRASKA
E6,NE382,24,,6,exp200122-,E,1,water,24h,,NEBRASKA
C6,NE382,15,0,0,exp200203-,E,2,water,72h,,NEBRASKA
E2,NE382,8,3,0,exp200203-,E,2,water,72h,,NEBRASKA
E6,NE382,12,1,0,exp200203-,E,2,water,72h,,NEBRASKA
E12,NE382 or NE282,24,,8,exp191219-,C,2,water,24h,,NEBRASKA
C6,NE385,20,,37,exp191219-,C,2,water,24h,,NEBRASKA
E2,NE385,13,,18,exp191219-,C,2,water,24h,,NEBRASKA
E6,NE385,17,,25,exp191219-,C,2,water,24h,,NEBRASKA
A6,NE385,2,24,0,exp200213-,F,1,water,48h,evaporation,NEBRASKA
B7,NE385,3,49,0,exp200213-,F,1,water,48h,,NEBRASKA
D8,NE385,0,5,0,exp200213-,F,1,water,48h,,NEBRASKA
A1,NE390,22,,19,exp191219-,C,2,water,24h,,NEBRASKA
C3,NE390,14,,27,exp191219-,C,2,water,24h,,NEBRASKA
F4,NE390,17,,32,exp191219-,C,2,water,24h,,NEBRASKA
A1,NE390,97,,14,exp200122-,E,1,water,24h,,NEBRASKA
C3,NE390,51,,16,exp200122-,E,1,water,24h,,NEBRASKA
F4,NE390,35,,9,exp200122-,E,1,water,24h,,NEBRASKA
A1,NE390,18,10,0,exp200203-,E,2,water,72h,,NEBRASKA
C3,NE390,10,12,0,exp200203-,E,2,water,72h,,NEBRASKA
F4,NE390,12,1,0,exp200203-,E,2,water,72h,,NEBRASKA
B10,NE391,14,,23,exp191219-,C,2,water,24h,,NEBRASKA
D12,NE391,15,,18,exp191219-,C,2,water,24h,,NEBRASKA
D2,NE391,12,,10,exp191219-,C,2,water,24h,,NEBRASKA
F3,NE391,2,3,0,exp200213-,F,1,water,48h,,NEBRASKA
F7,NE391,0,48,0,exp200213-,F,1,water,48h,,NEBRASKA
G6,NE391,2,18,0,exp200213-,F,1,water,48h,,NEBRASKA
B1,NE398,18.5,,19,exp191219-,C,2,water,24h,,NEBRASKA
B3,NE398,10,,30,exp191219-,C,2,water,24h,,NEBRASKA
C4,NE398,13,,16,exp191219-,C,2,water,24h,,NEBRASKA
A10,NE398,1,42,0,exp200213-,F,1,water,48h,,NEBRASKA
F10,NE398,1,3,0,exp200213-,F,1,water,48h,,NEBRASKA
G9,NE398,14,2,0,exp200213-,F,1,water,48h,,NEBRASKA
B5,NE402,20,,27,exp191219-,C,2,water,24h,,NEBRASKA
F1,NE402,36,,14,exp191219-,C,2,water,24h,,NEBRASKA
G2,NE402,12,,28,exp191219-,C,2,water,24h,,NEBRASKA
F5,NE424,9,,20,exp191219-,C,2,water,24h,,NEBRASKA
F6,NE424,5,,26,exp191219-,C,2,water,24h,,NEBRASKA
G5,NE424,18,,19,exp191219-,C,2,water,24h,,NEBRASKA
A12,NE424,5,16,0,exp200213-,F,1,water,48h,,NEBRASKA
D11,NE424,2,28.5,0,exp200213-,F,1,water,48h,,NEBRASKA
H8,NE424,12,25,0,exp200213-,F,1,water,48h,,NEBRASKA
A8,NE432,22,,16,exp191219-,C,2,water,24h,,NEBRASKA
D1,NE432,24,,15,exp191219-,C,2,water,24h,,NEBRASKA
F12,NE432,27,,12,exp191219-,C,2,water,24h,,NEBRASKA
B10,NE432,30,,4,exp200122-,E,1,water,24h,,NEBRASKA
D12,NE432,46,,1,exp200122-,E,1,water,24h,,NEBRASKA
D2,NE432,46,,9,exp200122-,E,1,water,24h,,NEBRASKA
B10,NE432,5,2,0,exp200203-,E,2,water,72h,,NEBRASKA
D2,NE432,3,0,0,exp200203-,E,2,water,72h,,NEBRASKA
D12,NE432,11,0,0,exp200203-,E,2,water,72h,dry well,NEBRASKA
A5,NE455,28,,37,exp191219-,C,2,water,24h,,NEBRASKA
E7,NE455,16,,21,exp191219-,C,2,water,24h,,NEBRASKA
H1,NE455,17.5,,16,exp191219-,C,2,water,24h,,NEBRASKA
B1,NE46,54,,10,exp200122-,E,1,water,24h,,NEBRASKA
B3,NE46,63,,10,exp200122-,E,1,water,24h,,NEBRASKA
C4,NE46,32,,13,exp200122-,E,1,water,24h,,NEBRASKA
B1,NE46,6,0,0,exp200203-,E,2,water,72h,,NEBRASKA
B3,NE46,7,0,0,exp200203-,E,2,water,72h,,NEBRASKA
C4,NE46,7,1,0,exp200203-,E,2,water,72h,,NEBRASKA
C10,NE46,30,,23,exp201219-,D,1,water,24h,,NEBRASKA
H7,NE46,77,,28,exp201219-,D,1,water,24h,,NEBRASKA
H9,NE46,46,,4,exp201219-,D,1,water,24h,,NEBRASKA
B2,NE472,39,,11,exp201219-,D,1,water,24h,,NEBRASKA
G3,NE472,30,,9,exp201219-,D,1,water,24h,,NEBRASKA
H3,NE472,41,,21.5,exp201219-,D,1,water,24h,,NEBRASKA
E8,NE479,47,,20,exp201219-,D,1,water,24h,,NEBRASKA
F8,NE479,49,,25,exp201219-,D,1,water,24h,,NEBRASKA
G8,NE479,40,,32,exp201219-,D,1,water,24h,,NEBRASKA
A7,NE488,79,,21,exp201219-,D,1,water,24h,,NEBRASKA
E11,NE488,58,,24,exp201219-,D,1,water,24h,,NEBRASKA
H4,NE488,57,,19,exp201219-,D,1,water,24h,,NEBRASKA
D9,NE509,40,,19,exp201219-,D,1,water,24h,,NEBRASKA
E9,NE509,43,,25,exp201219-,D,1,water,24h,,NEBRASKA
F9,NE509,41,,29,exp201219-,D,1,water,24h,,NEBRASKA
B5,NE515,46,,6,exp200122-,E,1,water,24h,,NEBRASKA
F1,NE515,70,,13,exp200122-,E,1,water,24h,,NEBRASKA
G2,NE515,37,,18,exp200122-,E,1,water,24h,,NEBRASKA
B5,NE515,8,1,0,exp200203-,E,2,water,72h,,NEBRASKA
F1,NE515,27,0,0,exp200203-,E,2,water,72h,,NEBRASKA
G2,NE515,11,0,0,exp200203-,E,2,water,72h,,NEBRASKA
A11,NE515,84,,30,exp201219-,D,1,water,24h,,NEBRASKA
C1,NE515,50,,49,exp201219-,D,1,water,24h,,NEBRASKA
H6,NE515,59,,25,exp201219-,D,1,water,24h,,NEBRASKA
C8,NE52,0,39,0,exp200213-,F,1,water,48h,,NEBRASKA
C9,NE52,0,18,0,exp200213-,F,1,water,48h,,NEBRASKA
G12,NE52,8,0,0,exp200213-,F,1,water,48h,evaporation,NEBRASKA
D10,NE52,40,,23,exp201219-,D,1,water,24h,,NEBRASKA
D4,NE52,32,,19,exp201219-,D,1,water,24h,,NEBRASKA
E4,NE52,29,,22,exp201219-,D,1,water,24h,,NEBRASKA
F5,NE558,50,,6,exp200122-,E,1,water,24h,,NEBRASKA
F6,NE558,38,,8,exp200122-,E,1,water,24h,,NEBRASKA
G5,NE558,49,,10,exp200122-,E,1,water,24h,,NEBRASKA
F5,NE558,14,0,0,exp200203-,E,2,water,72h,,NEBRASKA
F6,NE558,8,0,0,exp200203-,E,2,water,72h,,NEBRASKA
G5,NE558,14,0,0,exp200203-,E,2,water,72h,,NEBRASKA
C7,NE558,42,,33,exp201219-,D,1,water,24h,,NEBRASKA
G10,NE558,37,,6,exp201219-,D,1,water,24h,,NEBRASKA
H5,NE558,43,,24,exp201219-,D,1,water,24h,,NEBRASKA
A9,NE564,2,25,0,exp200213-,F,1,water,48h,,NEBRASKA
C11,NE564,1,40,0,exp200213-,F,1,water,48h,,NEBRASKA
D3,NE564,1,11,0,exp200213-,F,1,water,48h,,NEBRASKA
C2,NE564,40,,42,exp201219-,D,1,water,24h,,NEBRASKA
G4,NE564,28,,21,exp201219-,D,1,water,24h,,NEBRASKA
H2,NE564,73,,26,exp201219-,D,1,water,24h,,NEBRASKA
B8,NE567,38,,31,exp201219-,D,1,water,24h,,NEBRASKA
D5,NE567,19,,15,exp201219-,D,1,water,24h,,NEBRASKA
G7,NE567,36,,29,exp201219-,D,1,water,24h,,NEBRASKA
A4,NE575,46,,26,exp201219-,D,1,water,24h,,NEBRASKA
B9,NE575,42,,35,exp201219-,D,1,water,24h,,NEBRASKA
E10,NE575,41,,35,exp201219-,D,1,water,24h,,NEBRASKA
A2,NE607,19,,19,exp201219-,D,1,water,24h,,NEBRASKA
B12,NE607,66,,29,exp201219-,D,1,water,24h,,NEBRASKA
B4,NE607,31,,26,exp201219-,D,1,water,24h,,NEBRASKA
E3,NE683,1,6,0,exp200213-,F,1,water,48h,,NEBRASKA
E12,NE683,26,0,0,exp200213-,F,1,water,48h,evaporation,NEBRASKA
F2,NE683,0,7,0,exp200213-,F,1,water,48h,,NEBRASKA
B11,NE683,30,,21,exp201219-,D,1,water,24h,,NEBRASKA
C5,NE683,36,,26,exp201219-,D,1,water,24h,,NEBRASKA
G1,NE683,48,,31,exp201219-,D,1,water,24h,,NEBRASKA
A6,NE712,37,,20,exp201219-,D,1,water,24h,,NEBRASKA
B7,NE712,44,,24,exp201219-,D,1,water,24h,,NEBRASKA
D8,NE712,48,,33,exp201219-,D,1,water,24h,,NEBRASKA
F3,NE728,34,,20.5,exp201219-,D,1,water,24h,,NEBRASKA
F7,NE728,100,,29,exp201219-,D,1,water,24h,,NEBRASKA
G6,NE728,33,,40,exp201219-,D,1,water,24h,,NEBRASKA
A10,NE741,90,,23,exp201219-,D,1,water,24h,,NEBRASKA
F10,NE741,35,,33,exp201219-,D,1,water,24h,,NEBRASKA
G9,NE741,47,,35,exp201219-,D,1,water,24h,,NEBRASKA
A12,NE781,60,,8,exp201219-,D,1,water,24h,,NEBRASKA
D11,NE781,36,,16.5,exp201219-,D,1,water,24h,,NEBRASKA
H8,NE781,54,,26,exp201219-,D,1,water,24h,,NEBRASKA
C6,NE81,0,510,51,exp200213-,F,1,water,48h,,NEBRASKA
E2,NE81,2,380,38,exp200213-,F,1,water,48h,,NEBRASKA
E6,NE81,5,340,34,exp200213-,F,1,water,48h,,NEBRASKA
C8,NE81,33,,100,exp201219-,D,1,water,24h,,NEBRASKA
C9,NE81,35,,100,exp201219-,D,1,water,24h,,NEBRASKA
G12,NE81,56,,100,exp201219-,D,1,water,24h,,NEBRASKA
A8,NE822,51,,13,exp200122-,E,1,water,24h,,NEBRASKA
D1,NE822,44,,25,exp200122-,E,1,water,24h,,NEBRASKA
F12,NE822,53,,11,exp200122-,E,1,water,24h,,NEBRASKA
A8,NE822,9,15,0,exp200203-,E,2,water,72h,,NEBRASKA
D1,NE822,15,1,0,exp200203-,E,2,water,72h,,NEBRASKA
F12,NE822,24,0,0,exp200203-,E,2,water,72h,,NEBRASKA
A9,NE822,74,,38,exp201219-,D,1,water,24h,,NEBRASKA
C11,NE822,79,,41,exp201219-,D,1,water,24h,,NEBRASKA
D3,NE822,33,,31,exp201219-,D,1,water,24h,,NEBRASKA
A1,NE823,7,40,0,exp200213-,F,1,water,48h,,NEBRASKA
C3,NE823,1,41,0,exp200213-,F,1,water,48h,,NEBRASKA
F4,NE823,1.5,40,0,exp200213-,F,1,water,48h,,NEBRASKA
E12,NE823,88,,16,exp201219-,D,1,water,24h,,NEBRASKA
E3,NE823,36,,18,exp201219-,D,1,water,24h,,NEBRASKA
F2,NE823,23,,12,exp201219-,D,1,water,24h,,NEBRASKA
A5,NE834,45,,15,exp200122-,E,1,water,24h,,NEBRASKA
E7,NE834,38,,10,exp200122-,E,1,water,24h,,NEBRASKA
H1,NE834,89,,11,exp200122-,E,1,water,24h,,NEBRASKA
A5,NE834,6,0,0,exp200203-,E,2,water,72h,,NEBRASKA
E7,NE834,16,3,0,exp200203-,E,2,water,72h,,NEBRASKA
H1,NE834,12,0,0,exp200203-,E,2,water,72h,,NEBRASKA
C6,NE834,30,,28,exp201219-,D,1,water,24h,,NEBRASKA
E2,NE834,34,,31,exp201219-,D,1,water,24h,,NEBRASKA
E6,NE834,30,,27,exp201219-,D,1,water,24h,,NEBRASKA
B10,NE841,0,18,0,exp200213-,F,1,water,48h,,NEBRASKA
D2,NE841,0,15,0,exp200213-,F,1,water,48h,,NEBRASKA
D12,NE841,4,2,0,exp200213-,F,1,water,48h,evaporation,NEBRASKA
A1,NE841,46,,16,exp201219-,D,1,water,24h,,NEBRASKA
C3,NE841,36,,32,exp201219-,D,1,water,24h,,NEBRASKA
F4,NE841,31,,28,exp201219-,D,1,water,24h,,NEBRASKA
B1,NE858,4,4,0,exp200213-,F,1,water,48h,,NEBRASKA
B3,NE858,3,10,0,exp200213-,F,1,water,48h,,NEBRASKA
C4,NE858,1,0,0,exp200213-,F,1,water,48h,,NEBRASKA
B10,NE858,23,,7,exp201219-,D,1,water,24h,,NEBRASKA
D12,NE858,42,,9,exp201219-,D,1,water,24h,,NEBRASKA
D2,NE858,24,,14,exp201219-,D,1,water,24h,,NEBRASKA
B1,NE866,34,,19,exp201219-,D,1,water,24h,,NEBRASKA
B3,NE866,36,,25.5,exp201219-,D,1,water,24h,,NEBRASKA
C4,NE866,30,,22,exp201219-,D,1,water,24h,,NEBRASKA
B5,NE872,31,,34,exp201219-,D,1,water,24h,,NEBRASKA
F1,NE872,39,,53,exp201219-,D,1,water,24h,,NEBRASKA
G2,NE872,57,,33,exp201219-,D,1,water,24h,,NEBRASKA
F5,NE874,34,,21,exp201219-,D,1,water,24h,,NEBRASKA
F6,NE874,37,,17,exp201219-,D,1,water,24h,,NEBRASKA
G5,NE874,39,,32,exp201219-,D,1,water,24h,,NEBRASKA
B1,NE89,17,,18,exp181219-,A,2,water,24h,,NEBRASKA
B3,NE89,6,,11,exp181219-,A,2,water,24h,,NEBRASKA
C4,NE89,9,,28,exp181219-,A,2,water,24h,,NEBRASKA
B1,NE89,8,0,0,exp191209-,A,1,triton,24h,,NEBRASKA
B3,NE89,12,0,0,exp191209-,A,1,triton,24h,,NEBRASKA
C4,NE89,10,3,0,exp191209-,A,1,triton,24h,,NEBRASKA
B5,NE896,2,210,21,exp200213-,F,1,water,48h,,NEBRASKA
F1,NE896,20,390,39,exp200213-,F,1,water,48h,,NEBRASKA
G2,NE896,20,360,36,exp200213-,F,1,water,48h,,NEBRASKA
A8,NE896,113,,100,exp201219-,D,1,water,24h,,NEBRASKA
D1,NE896,90,,100,exp201219-,D,1,water,24h,,NEBRASKA
F12,NE896,91,,100,exp201219-,D,1,water,24h,,NEBRASKA
B5,NE954,9,,21,exp181219-,A,2,water,24h,,NEBRASKA
F1,NE954,14,,11,exp181219-,A,2,water,24h,,NEBRASKA
G2,NE954,10,,16,exp181219-,A,2,water,24h,,NEBRASKA
B5,NE954,11,0,0,exp191209-,A,1,triton,24h,,NEBRASKA
F1,NE954,7,0,0,exp191209-,A,1,triton,24h,,NEBRASKA
G2,NE954,17,1,0,exp191209-,A,1,triton,24h,,NEBRASKA
F5,NE97,8,,30,exp181219-,A,2,water,24h,,NEBRASKA
F6,NE97,11,,7,exp181219-,A,2,water,24h,,NEBRASKA
G5,NE97,11,,35,exp181219-,A,2,water,24h,,NEBRASKA
F5,NE97,23,0,1,exp191209-,A,1,triton,24h,,NEBRASKA
F6,NE97,15,2,0,exp191209-,A,1,triton,24h,,NEBRASKA
G5,NE97,17,0,0,exp191209-,A,1,triton,24h,,NEBRASKA
A5,NE982,41,,21,exp201219-,D,1,water,24h,,NEBRASKA
E7,NE982,82,,33,exp201219-,D,1,water,24h,,NEBRASKA
H1,NE982,38,,14,exp201219-,D,1,water,24h,,NEBRASKA
A8,NEB agrA,13,,70,exp181219-,A,2,water,24h,,NEBRASKA
D1,NEB agrA,14,,100,exp181219-,A,2,water,24h,,NEBRASKA
F12,NEB agrA,14,,100,exp181219-,A,2,water,24h,,NEBRASKA
A8,NEB agrA,14,26,6,exp191209-,A,1,triton,24h,,NEBRASKA
D1,NEB agrA,10,8,1,exp191209-,A,1,triton,24h,,NEBRASKA
F12,NEB agrA,13,7,26,exp191209-,A,1,triton,24h,,NEBRASKA
B6,NEB agrA,1,,62,exp191216-,B,1,water,24h,,NEBRASKA
D6,NEB agrA,4,,58,exp191216-,B,1,water,24h,,NEBRASKA
E5,NEB agrA,8,,63,exp191216-,B,1,water,24h,,NEBRASKA
B6,NEB agrA,16,,100,exp191219-,C,2,water,24h,,NEBRASKA
D6,NEB agrA,10,,100,exp191219-,C,2,water,24h,,NEBRASKA
E5,NEB agrA,15,,100,exp191219-,C,2,water,24h,,NEBRASKA
B6,NEB agrA,49,,100,exp200122-,E,1,water,24h,,NEBRASKA
D6,NEB agrA,35,,100,exp200122-,E,1,water,24h,,NEBRASKA
E5,NEB agrA,36,,100,exp200122-,E,1,water,24h,,NEBRASKA
B6,NEB agrA,5,115,54,exp200203-,E,2,water,72h,,NEBRASKA
D6,NEB agrA,7,115,45,exp200203-,E,2,water,72h,,NEBRASKA
E5,NEB agrA,16,115,48,exp200203-,E,2,water,72h,,NEBRASKA
F5,NEB agrA,2,1000,100,exp200213-,F,1,water,48h,,NEBRASKA
F6,NEB agrA,3,1000,100,exp200213-,F,1,water,48h,,NEBRASKA
G5,NEB agrA,1,1000,100,exp200213-,F,1,water,48h,,NEBRASKA
B6,NEB agrA,43,,100,exp201219-,D,1,water,24h,,NEBRASKA
D6,NEB agrA,32,,100,exp201219-,D,1,water,24h,,NEBRASKA
E5,NEB agrA,39,,100,exp201219-,D,1,water,24h,,NEBRASKA
A5,Non infected,0,,0,exp181219-,A,2,water,24h,,
E7,Non infected,0,,0,exp181219-,A,2,water,24h,,
H1,Non infected,0,,0,exp181219-,A,2,water,24h,,
A5,Non infected,0,0,0,exp191209-,A,1,triton,24h,,
E7,Non infected,0,0,0,exp191209-,A,1,triton,24h,,
H1,Non infected,0,0,0,exp191209-,A,1,triton,24h,,
C12,Non infected,0,,0,exp191216-,B,1,water,24h,,
E1,Non infected,0,,0,exp191216-,B,1,water,24h,,
F11,Non infected,0,,0,exp191216-,B,1,water,24h,,
C12,Non infected,0,,0,exp191219-,C,2,water,24h,,
E1,Non infected,0,,0,exp191219-,C,2,water,24h,,
F11,Non infected,0,,0,exp191219-,C,2,water,24h,,
C12,Non infected,0,,0,exp200122-,E,1,water,24h,,
E1,Non infected,0,,0,exp200122-,E,1,water,24h,,
F11,Non infected,0,,0,exp200122-,E,1,water,24h,,
C12,Non infected,0,0,0,exp200203-,E,2,water,72h,,
E1,Non infected,0,0,0,exp200203-,E,2,water,72h,,
F11,Non infected,0,0,0,exp200203-,E,2,water,72h,,
A8,Non infected,0,0,0,exp200213-,F,1,water,48h,,
D1,Non infected,0,0,0,exp200213-,F,1,water,48h,evaporation,
F12,Non infected,0,0,0,exp200213-,F,1,water,48h,,
C12,Non infected,0,,0,exp201219-,D,1,water,24h,,
E1,Non infected,0,,0,exp201219-,D,1,water,24h,,
F11,Non infected,0,,0,exp201219-,D,1,water,24h,,
A5,NRS384,0,7,0,exp200213-,F,1,water,48h,,
E7,NRS384,1,3,0,exp200213-,F,1,water,48h,,
H1,NRS384,10,21,0,exp200213-,F,1,water,48h,,
B6,rbf SSR ST5,16,,63,exp181219-,A,2,water,24h,,
D6,rbf SSR ST5,19,,57,exp181219-,A,2,water,24h,,
E5,rbf SSR ST5,21,,68,exp181219-,A,2,water,24h,,
B6,rbf SSR ST5,19,0,0,exp191209-,A,1,triton,24h,,
D6,rbf SSR ST5,26,0,1,exp191209-,A,1,triton,24h,,
E5,rbf SSR ST5,15,1,0,exp191209-,A,1,triton,24h,,
C12,rbf SSR ST8,12,,35,exp181219-,A,2,water,24h,,
E1,rbf SSR ST8,18,,50,exp181219-,A,2,water,24h,,
F11,rbf SSR ST8,12,,60,exp181219-,A,2,water,24h,,
C12,rbf SSR ST8,11,1,0,exp191209-,A,1,triton,24h,,
E1,rbf SSR ST8,12,2,0,exp191209-,A,1,triton,24h,,
F11,rbf SSR ST8,4,2,0,exp191209-,A,1,triton,24h,,
B6,rbf SSR ST8,3,68,0,exp200213-,F,1,water,48h,,
D6,rbf SSR ST8,0,25,0,exp200213-,F,1,water,48h,,
E5,rbf SSR ST8,0,54,0,exp200213-,F,1,water,48h,,
C12,SCV,7,21,0,exp200213-,F,1,water,48h,,
E1,SCV,3,26,0,exp200213-,F,1,water,48h,evaporation,
F11,SCV,10,3.5,0,exp200213-,F,1,water,48h,,
H10,Total LDH,0,,0,exp181219-,A,2,water,24h,,
H11,Total LDH,0,,0,exp181219-,A,2,water,24h,,
H12,Total LDH,0,,0,exp181219-,A,2,water,24h,,
H10,Total LDH,0,0,0,exp191209-,A,1,triton,24h,,
H11,Total LDH,0,0,0,exp191209-,A,1,triton,24h,,
H12,Total LDH,0,0,0,exp191209-,A,1,triton,24h,,
H10,Total LDH,0,,0,exp191216-,B,1,water,24h,,
H11,Total LDH,0,,0,exp191216-,B,1,water,24h,,
H12,Total LDH,0,,0,exp191216-,B,1,water,24h,,
H10,Total LDH,0,,0,exp191219-,C,2,water,24h,,
H11,Total LDH,0,,0,exp191219-,C,2,water,24h,,
H12,Total LDH,0,,0,exp191219-,C,2,water,24h,,
H10,Total LDH,0,,0,exp201219-,D,1,water,24h,,
H11,Total LDH,0,,0,exp201219-,D,1,water,24h,,
H12,Total LDH,0,,0,exp201219-,D,1,water,24h,,
