n_events,operon_id,operon_label,operon_locus_tags,NCTC8325_chrom,BeginTU,EndTUshort,mutated_features,mutated_features_types,mutated_genes
5,TU-U1095,"agrB, agrD, S872, agrC, S873, agrA","SAOUHSC_02261, SAOUHSC_02262, new_2094581_2094652_1, SAOUHSC_02264, new_2095898_2096005_1, SAOUHSC_02265",NC_007795,2093760,2096611,"new_2095898_2096005_1,SAOUHSC_02264,SAOUHSC_02265",NCTC8325_operons,"agrA,agrC"
5,TU-U1096,"agrB, agrD, S872, agrC, S873, agrA, NA, S875, S876","SAOUHSC_02261, SAOUHSC_02262, new_2094581_2094652_1, SAOUHSC_02264, new_2095898_2096005_1, SAOUHSC_02265, SAOUHSC_02266, new_2096812_2096960_1, new_2096962_2097246_1",NC_007795,2093833,2097206,"new_2095898_2096005_1,SAOUHSC_02264,SAOUHSC_02265",NCTC8325_operons,"agrA,agrC"
5,TU-U222,"S179, secE, nusG, S180, rplK, S181, rplA, S182, S183, rplJ, rplL, S184, NA, S185, rpoB, S186, rpoC","new_517496_517696_1, SAOUHSC_00516, SAOUHSC_00517, new_518477_518656_1, SAOUHSC_00518, new_519080_519286_1, SAOUHSC_00519, new_519980_520054_1, new_520056_520250_1, SAOUHSC_00520, SAOUHSC_00521, new_521163_521284_1, SAOUHSC_00523, new_521969_522300_1, SAOUHSC_00524, new_525712_525874_1, SAOUHSC_00525",NC_007795,517496,529534,"SAOUHSC_00524,SAOUHSC_00517,SAOUHSC_00525,SAOUHSC_00523",NCTC8325_operons,"rpoB,nusG,rpoC,rsmC"
5,TU-U223,"S183, rplJ, rplL, S184, NA, S185, rpoB, S186, rpoC, NA, S187, rpsL, rpsG, S188, fusA, S189, tuf","new_520056_520250_1, SAOUHSC_00520, SAOUHSC_00521, new_521163_521284_1, SAOUHSC_00523, new_521969_522300_1, SAOUHSC_00524, new_525712_525874_1, SAOUHSC_00525, SAOUHSC_00526, new_529863_529959_1, SAOUHSC_00527, SAOUHSC_00528, new_530910_531031_1, SAOUHSC_00529, new_533114_533329_1, SAOUHSC_00530",NC_007795,520056,534515,"SAOUHSC_00524,SAOUHSC_00525,SAOUHSC_00523",NCTC8325_operons,"rpoB,rpoC,rsmC"
5,TU-U225,"NA, S185, rpoB, S186, rpoC, NA, S187, rpsL, rpsG, S188, fusA, S189, tuf","SAOUHSC_00523, new_521969_522300_1, SAOUHSC_00524, new_525712_525874_1, SAOUHSC_00525, SAOUHSC_00526, new_529863_529959_1, SAOUHSC_00527, SAOUHSC_00528, new_530910_531031_1, SAOUHSC_00529, new_533114_533329_1, SAOUHSC_00530",NC_007795,521286,534515,"SAOUHSC_00524,SAOUHSC_00525,SAOUHSC_00523",NCTC8325_operons,"rpoB,rpoC,rsmC"
4,TU-U1201,"S967, rplC, rplD, rplW, rplB, S966, rpsS, rplV, rpsC, rplP, rpmC, rpsQ, rplN, rplX, rplE, rpsN, rpsH, rplF, rplR, rpsE, rpmD, rplO, secY, adk, S965, infA, rpmJ, rpsM, rpsK, rpoA, rplQ, S964","new_2317804_2318365_-1, SAOUHSC_02512, SAOUHSC_02511, SAOUHSC_02510, SAOUHSC_02509, new_2315284_2315349_-1, SAOUHSC_02508, SAOUHSC_02507, SAOUHSC_02506, SAOUHSC_02505, SAOUHSC_02504, SAOUHSC_02503, SAOUHSC_02502, SAOUHSC_02501, SAOUHSC_02500, SAOUHSC_02499, SAOUHSC_02498, SAOUHSC_02496, SAOUHSC_02495, SAOUHSC_02494, SAOUHSC_02493, SAOUHSC_02492, SAOUHSC_02491, SAOUHSC_02490, new_2306793_2306984_-1, SAOUHSC_02489, SAOUHSC_02488, SAOUHSC_02487, SAOUHSC_02486, SAOUHSC_02485, SAOUHSC_02484, new_2304089_2304223_-1",NC_007795,2318365,2304070,"SAOUHSC_02509,SAOUHSC_02511,SAOUHSC_02507,new_2315284_2315349_-1,new_2317804_2318365_-1",NCTC8325_operons,"rplB,rplD,rplV"
4,TU-U226,"S185, rpoB, S186, rpoC, NA, S187, rpsL, rpsG, S188, fusA, S189, tuf","new_521969_522300_1, SAOUHSC_00524, new_525712_525874_1, SAOUHSC_00525, SAOUHSC_00526, new_529863_529959_1, SAOUHSC_00527, SAOUHSC_00528, new_530910_531031_1, SAOUHSC_00529, new_533114_533329_1, SAOUHSC_00530",NC_007795,521969,534515,"SAOUHSC_00524,SAOUHSC_00525",NCTC8325_operons,"rpoB,rpoC"
4,TU-U732,"S598, NA, murG, NA","new_1365302_1365585_-1, SAOUHSC_01425, SAOUHSC_01424, SAOUHSC_01423",NC_007795,1365585,1363035,"SAOUHSC_01425,SAOUHSC_01423,SAOUHSC_01424",NCTC8325_operons,"-,pgpB,murG"
3,TU-U1135,"tdk, prfA, S906, NA, NA, ptpB, S905, NA, glyA, upp, mnaA, NA, atpB, atpE, S904, atpF, atpH, atpA, S903, atpG, atpD, atpC","SAOUHSC_02360, SAOUHSC_02359, new_2180509_2180578_-1, SAOUHSC_02358, SAOUHSC_02357, SAOUHSC_02356, new_2178104_2178168_-1, SAOUHSC_02355, SAOUHSC_02354, SAOUHSC_02353, SAOUHSC_02352, SAOUHSC_02351, SAOUHSC_02350, SAOUHSC_02349, new_2172785_2172981_-1, SAOUHSC_02347, SAOUHSC_02346, SAOUHSC_02345, new_2170095_2170193_-1, SAOUHSC_02343, SAOUHSC_02341, SAOUHSC_02340",NC_007795,2182297,2167458,"SAOUHSC_02354,SAOUHSC_02358,SAOUHSC_02355,SAOUHSC_02357",NCTC8325_operons,"glyA,prmC,-"
3,TU-U196,"veg, S153, ipk, purR, yabJ, S154, spoVG","SAOUHSC_00465, new_466540_466773_1, SAOUHSC_00466, SAOUHSC_00467, SAOUHSC_00468, new_468858_468928_1, SAOUHSC_00469",NC_007795,466175,469337,"SAOUHSC_00466,new_468858_468928_1,SAOUHSC_00469",NCTC8325_operons,"ipk,spoVG"
3,TU-U201,"S158, pth, mfd, NA, NA, NA, NA, NA, S159, tilS","new_472941_473152_1, SAOUHSC_00475, SAOUHSC_00477, SAOUHSC_00479, SAOUHSC_00480, SAOUHSC_00481, SAOUHSC_00482, SAOUHSC_00483, new_481117_481229_1, SAOUHSC_00484",NC_007795,472941,482223,"SAOUHSC_00477,SAOUHSC_00475,SAOUHSC_00484,SAOUHSC_00481",NCTC8325_operons,"mfd,pth,tilS,-"
3,TU-U303,"NA, NA, NA, NA","SAOUHSC_00655, SAOUHSC_00656, SAOUHSC_00658, SAOUHSC_00659",NC_007795,644244,646817,"SAOUHSC_00659,SAOUHSC_00655",NCTC8325_operons,"-,dhaK"
3,TU-U304,"NA, S245, NA, S246, NA, S247, S248, NA","SAOUHSC_00659, new_646848_647302_1, SAOUHSC_00660, new_648432_648520_1, SAOUHSC_00661, new_649565_649805_1, new_649807_649892_1, SAOUHSC_00662",NC_007795,646294,650302,"SAOUHSC_00659,SAOUHSC_00660",NCTC8325_operons,-
3,TU-U525,"S413, purE, purK, purC, purS, purQ, purL, purF, purM, purN, purH, purD","new_979252_979384_1, SAOUHSC_01008, SAOUHSC_01009, SAOUHSC_01010, SAOUHSC_01011, SAOUHSC_01012, SAOUHSC_01013, SAOUHSC_01014, SAOUHSC_01015, SAOUHSC_01016, SAOUHSC_01017, SAOUHSC_01018",NC_007795,979254,990557,"SAOUHSC_01012,SAOUHSC_01014,SAOUHSC_01018,SAOUHSC_01013,SAOUHSC_01017",NCTC8325_operons,"purQ,purF,purD,purL,purH"
3,TU-U599,"NA, S471, NA","SAOUHSC_01139, new_1090559_1090749_1, SAOUHSC_01141",NC_007795,1090296,1091911,"SAOUHSC_01141,U599","NCTC8325_operons,promoter",bshC
3,TU-U619,"def2, fmt, sun, NA, NA, pknB","SAOUHSC_01182, SAOUHSC_01183, SAOUHSC_01184, SAOUHSC_01185, SAOUHSC_01186, SAOUHSC_01187",NC_007795,1133596,1140191,"SAOUHSC_01186,SAOUHSC_01185,SAOUHSC_01187",NCTC8325_operons,"stp1,rlmN,pknB"
3,TU-U731,"S596, S597","new_1362874_1363048_1, new_1363050_1363769_1",NC_007795,1362874,1363707,"new_1363050_1363769_1,new_1362874_1363048_1",NCTC8325_operons,pgpB
3,TU-U800,"accB, accC, NA, nusB, xseA, xseB, ispA, S647","SAOUHSC_01624, SAOUHSC_01623, SAOUHSC_01622, SAOUHSC_01621, SAOUHSC_01620, SAOUHSC_01619, SAOUHSC_01618, new_1541676_1542035_-1",NC_007795,1547198,1541688,"SAOUHSC_01621,SAOUHSC_01620,SAOUHSC_01623",NCTC8325_operons,"nusB,xseA,accC"
3,TU-U804,"pepQ2, efp, S648, accB, accC, NA, nusB, xseA, xseB, ispA, S647","SAOUHSC_01626, SAOUHSC_01625, new_1547200_1547474_-1, SAOUHSC_01624, SAOUHSC_01623, SAOUHSC_01622, SAOUHSC_01621, SAOUHSC_01620, SAOUHSC_01619, SAOUHSC_01618, new_1541676_1542035_-1",NC_007795,1549325,1541688,"SAOUHSC_01621,SAOUHSC_01620,SAOUHSC_01623",NCTC8325_operons,"nusB,xseA,accC"
3,TU-U900,"tpx, S722, NA, ackA","SAOUHSC_01822, new_1727776_1727897_-1, SAOUHSC_01821, SAOUHSC_01820",NC_007795,1728434,1725560,"U900,SAOUHSC_01821,SAOUHSC_01820","NCTC8325_operons,promoter","-,ackA"
2,TU-U1045,"pcrB, pcrA, ligA, NA","SAOUHSC_02124, SAOUHSC_02123, SAOUHSC_02122, SAOUHSC_02121",NC_007795,1999635,1993497,"SAOUHSC_02122,SAOUHSC_02123",NCTC8325_operons,"ligA,pcrA"
2,TU-U1046,"S835, purB, S834, hisR, pcrB, pcrA, ligA, NA","new_2001479_2001627_-1, SAOUHSC_02126, new_2000075_2000182_-1, SAOUHSC_02125, SAOUHSC_02124, SAOUHSC_02123, SAOUHSC_02122, SAOUHSC_02121",NC_007795,2001627,1993514,"SAOUHSC_02122,SAOUHSC_02126,SAOUHSC_02123",NCTC8325_operons,"ligA,purB,pcrA"
2,TU-U1101,"S878, NA, NA","new_2103450_2103589_-1, SAOUHSC_02272, SAOUHSC_02271",NC_007795,2103589,2102229,"new_2103450_2103589_-1,U1101,SAOUHSC_02272","NCTC8325_operons,promoter",-
2,TU-U1107,"S883, S884, ilvD, ilvB, ilvH, S885, ilvC, leuA, leuB, leuC, leuD, ilvA","new_2111489_2111716_1, new_2111718_2111805_1, SAOUHSC_02281, SAOUHSC_02282, SAOUHSC_02283, new_2115546_2115681_1, SAOUHSC_02284, SAOUHSC_02285, SAOUHSC_02286, SAOUHSC_02287, SAOUHSC_02288, SAOUHSC_02289",NC_007795,2111487,2122519,"SAOUHSC_02284,SAOUHSC_02286,SAOUHSC_02289",NCTC8325_operons,"ilvC,leuB,ilvA2"
2,TU-U1125,"cls2, NA, S899","SAOUHSC_02323, SAOUHSC_02324, new_2157536_2158194_1",NC_007795,2155322,2158134,"SAOUHSC_02324,SAOUHSC_02323",NCTC8325_operons,"-,cls2"
2,TU-U1133,"S905, NA, glyA, upp, mnaA, NA, atpB, atpE, S904, atpF, atpH, atpA, S903, atpG, atpD, atpC","new_2178104_2178168_-1, SAOUHSC_02355, SAOUHSC_02354, SAOUHSC_02353, SAOUHSC_02352, SAOUHSC_02351, SAOUHSC_02350, SAOUHSC_02349, new_2172785_2172981_-1, SAOUHSC_02347, SAOUHSC_02346, SAOUHSC_02345, new_2170095_2170193_-1, SAOUHSC_02343, SAOUHSC_02341, SAOUHSC_02340",NC_007795,2178168,2167441,"SAOUHSC_02354,SAOUHSC_02355",NCTC8325_operons,"glyA,-"
2,TU-U120,"S95, NA, S96, NA, NA, NA, NA, S97, S98, NA","new_318955_319040_1, SAOUHSC_00304, new_320043_320135_1, SAOUHSC_00305, SAOUHSC_00306, SAOUHSC_00307, SAOUHSC_00308, new_323144_323301_1, new_323303_323457_1, SAOUHSC_00309",NC_007795,318955,324463,"SAOUHSC_00306,SAOUHSC_00307",NCTC8325_operons,"-,sirTM"
2,TU-U1282,"S1026, S1025, mqo1","new_2432779_2432892_-1, new_2432630_2432777_-1, SAOUHSC_02647",NC_007795,2432892,2431162,U1282,promoter,
2,TU-U131,"NA, NA, NA, NA","SAOUHSC_00331, SAOUHSC_00332, SAOUHSC_00333, SAOUHSC_00334",NC_007795,343392,345781,"SAOUHSC_00332,U131","NCTC8325_operons,promoter",-
2,TU-U1337,"NA",SAOUHSC_02733,NC_007795,2514904,2513153,SAOUHSC_02733,NCTC8325_operons,kimA
2,TU-U1338,"NA",SAOUHSC_02733,NC_007795,2514959,2513085,SAOUHSC_02733,NCTC8325_operons,kimA
2,TU-U1345,"NA",SAOUHSC_02750,NC_007795,2525635,2527340,"U1345,SAOUHSC_02750","NCTC8325_operons,promoter",-
2,TU-U136,"NA, S107, NA, NA, ychF","SAOUHSC_00342, new_357749_357885_1, SAOUHSC_00344, SAOUHSC_00345, SAOUHSC_00346",NC_007795,356843,360129,"SAOUHSC_00346,SAOUHSC_00342",NCTC8325_operons,"ychF,parB"
2,TU-U1482,clfB,SAOUHSC_02963,NC_007795,2725648,2722984,SAOUHSC_02963,NCTC8325_operons,clfB
2,TU-U1517,"NA",SAOUHSC_03034,NC_007795,2806221,2807058,SAOUHSC_03034,NCTC8325_operons,-
2,TU-U167,"S125, NA, NA, NA, NA","new_407190_407344_1, SAOUHSC_00405, SAOUHSC_00406, SAOUHSC_00407, SAOUHSC_00408",NC_007795,407190,410058,"SAOUHSC_00406,new_407190_407344_1",NCTC8325_operons,
2,TU-U174,"S131, ndhF, NA, S132, NA, S133, NA, NA","new_413220_413511_1, SAOUHSC_00412, SAOUHSC_00413, new_417715_417875_1, SAOUHSC_00414, new_418267_418920_1, SAOUHSC_00416, SAOUHSC_00417",NC_007795,413217,420360,"SAOUHSC_00417,SAOUHSC_00413",NCTC8325_operons,"-,mpsB"
2,TU-U178,"NA, NA, NA, S136, S137","SAOUHSC_00423, SAOUHSC_00424, SAOUHSC_00426, new_427307_427446_1, new_427448_427532_1",NC_007795,424666,427517,"SAOUHSC_00424,new_427448_427532_1",NCTC8325_operons,metP2
2,TU-U194,"NA, S148, holB, NA, NA, S149, NA","SAOUHSC_00452, new_457044_457343_1, SAOUHSC_00454, SAOUHSC_00455, SAOUHSC_00456, new_459352_459624_1, SAOUHSC_00457",NC_007795,456587,459885,"SAOUHSC_00456,SAOUHSC_00455",NCTC8325_operons,-
2,TU-U195,"NA, S148, holB, NA, NA, S149, NA, NA, rsmI, S150, metS, NA, S151, rnmV, ksgA, S152","SAOUHSC_00452, new_457044_457343_1, SAOUHSC_00454, SAOUHSC_00455, SAOUHSC_00456, new_459352_459624_1, SAOUHSC_00457, SAOUHSC_00458, SAOUHSC_00459, new_461433_461716_1, SAOUHSC_00461, SAOUHSC_00462, new_464505_464660_1, SAOUHSC_00463, SAOUHSC_00464, new_466102_466173_1",NC_007795,456682,466175,"SAOUHSC_00456,SAOUHSC_00455",NCTC8325_operons,-
2,TU-U199,"yabJ, S154, spoVG, S155, NA","SAOUHSC_00468, new_468858_468928_1, SAOUHSC_00469, new_469303_469420_1, SAOUHSC_00470",NC_007795,468314,469541,"new_468858_468928_1,SAOUHSC_00469",NCTC8325_operons,spoVG
2,TU-U2,"NA, recF, gyrB, gyrA","SAOUHSC_00003, SAOUHSC_00004, SAOUHSC_00005, SAOUHSC_00006",NC_007795,3632,9657,"SAOUHSC_00006,SAOUHSC_00005",NCTC8325_operons,"gyrA,gyrB"
2,TU-U218,"S171, S172, radA, NA, S173, S174, gltX, S175, S176, cysE, cysS, NA, NA, NA, S177, sigH, S178, S179, secE, nusG, S180, rplK, S181, rplA, S182","new_507910_508021_1, new_508023_508196_1, SAOUHSC_00507, SAOUHSC_00508, new_510630_511036_1, new_511038_511185_1, SAOUHSC_00509, new_512705_512985_1, new_512987_513062_1, SAOUHSC_00510, SAOUHSC_00511, SAOUHSC_00512, SAOUHSC_00513, SAOUHSC_00514, new_516770_516849_1, SAOUHSC_00515, new_517420_517494_1, new_517496_517696_1, SAOUHSC_00516, SAOUHSC_00517, new_518477_518656_1, SAOUHSC_00518, new_519080_519286_1, SAOUHSC_00519, new_519980_520054_1",NC_007795,507910,520031,"SAOUHSC_00517,SAOUHSC_00508",NCTC8325_operons,"nusG,-"
2,TU-U254,"vraA, vraB, vraC, NA, S204","SAOUHSC_00557, SAOUHSC_00558, SAOUHSC_00559, SAOUHSC_00560, new_569584_570066_1",NC_007795,566021,569943,"SAOUHSC_00558,SAOUHSC_00557",NCTC8325_operons,"vraB,vraA"
2,TU-U284,"S230, NA, mnhA, mnhB, mnhC, mnhD, mnhE, S231, mnhG","new_614279_614349_1, SAOUHSC_00624, SAOUHSC_00625, SAOUHSC_00626, SAOUHSC_00627, SAOUHSC_00628, SAOUHSC_00629, new_620054_620305_1, SAOUHSC_00632",NC_007795,614279,620807,"SAOUHSC_00625,SAOUHSC_00628",NCTC8325_operons,"mnhA2,mnhD2"
2,TU-U325,"NA, NA","SAOUHSC_00692, SAOUHSC_00693",NC_007795,675876,678981,"SAOUHSC_00692,SAOUHSC_00693",NCTC8325_operons,-
2,TU-U374,"S306, uvrB, NA, S308, uvrB2, uvrA","new_756388_756469_1, SAOUHSC_00776, SAOUHSC_00778, new_758528_758666_1, SAOUHSC_00779, SAOUHSC_00780",NC_007795,756388,762485,"SAOUHSC_00780,SAOUHSC_00776",NCTC8325_operons,"uvrA,uvrB"
2,TU-U397,clfA,SAOUHSC_00812,NC_007795,792928,795788,SAOUHSC_00812,NCTC8325_operons,clfA
2,TU-U423,"NA, S351, S353, sufC, S354, sufD, S355, sufS, sufU, S356, sufB, S357","SAOUHSC_00845, new_816270_817529_1, new_817531_817631_1, SAOUHSC_00847, new_818394_818490_1, SAOUHSC_00848, new_819799_819903_1, SAOUHSC_00849, SAOUHSC_00850, new_821609_821758_1, SAOUHSC_00851, new_823157_823252_1",NC_007795,815975,823209,"SAOUHSC_00845,SAOUHSC_00848",NCTC8325_operons,"-,sufD"
2,TU-U429,"NA, NA","SAOUHSC_00857, SAOUHSC_00858",NC_007795,826371,826575,SAOUHSC_00858,NCTC8325_operons,-
2,TU-U430,"NA, NA, NA, lipA, S358, NA","SAOUHSC_00858, SAOUHSC_00859, SAOUHSC_00860, SAOUHSC_00861, new_830535_830663_1, SAOUHSC_00862",NC_007795,826480,831029,SAOUHSC_00858,NCTC8325_operons,-
2,TU-U442,"mnhA, mnhB, mnhC, mnhD, mnhE, mnhF, mnhG","SAOUHSC_00889, SAOUHSC_00888, SAOUHSC_00887, SAOUHSC_00886, SAOUHSC_00885, SAOUHSC_00884, SAOUHSC_00883",NC_007795,853990,848173,"SAOUHSC_00888,SAOUHSC_00885",NCTC8325_operons,"mnhB,mnhE"
2,TU-U448,"S368, rocD, S369, gudB","new_857549_857682_1, SAOUHSC_00894, new_858909_859016_1, SAOUHSC_00895",NC_007795,857551,860269,SAOUHSC_00894,NCTC8325_operons,rocD
2,TU-U449,"rocD, S369, gudB","SAOUHSC_00894, new_858909_859016_1, SAOUHSC_00895",NC_007795,857684,860252,SAOUHSC_00894,NCTC8325_operons,rocD
2,TU-U460,"S379, clpB, S380","new_882541_882635_1, SAOUHSC_00912, new_885279_885510_1",NC_007795,882541,885463,SAOUHSC_00912,NCTC8325_operons,clpB
2,TU-U470,"S383, S384, spxA, S385, S386, S387, mecA2","new_906611_906734_1, new_906736_906831_1, SAOUHSC_00934, new_907294_907399_1, new_907401_907493_1, new_907495_907597_1, SAOUHSC_00935",NC_007795,906604,908328,"SAOUHSC_00935,new_906611_906734_1",NCTC8325_operons,trfA
2,TU-U472,"S384, spxA, S385, S386, S387, mecA2","new_906736_906831_1, SAOUHSC_00934, new_907294_907399_1, new_907401_907493_1, new_907495_907597_1, SAOUHSC_00935",NC_007795,906736,908311,"SAOUHSC_00935,U472","NCTC8325_operons,promoter",trfA
2,TU-U479,"NA, relQ, ppnK, NA, mgtE, NA, S392, S393, fabI","SAOUHSC_00941, SAOUHSC_00942, SAOUHSC_00943, SAOUHSC_00944, SAOUHSC_00945, SAOUHSC_00946, new_919754_919937_1, new_919939_920030_1, SAOUHSC_00947",NC_007795,913785,920789,"SAOUHSC_00946,new_919939_920030_1",NCTC8325_operons,cpaA
2,TU-U500,"S403, NA, NA, NA","new_943005_943329_1, SAOUHSC_00968, SAOUHSC_00969, SAOUHSC_00970",NC_007795,942955,946255,SAOUHSC_00968,NCTC8325_operons,-
2,TU-U508,"S404, NA, S405, NA, menD, NA, menB","new_952766_952866_1, SAOUHSC_00981, new_952996_953071_1, SAOUHSC_00982, SAOUHSC_00983, SAOUHSC_00984, SAOUHSC_00985",NC_007795,952766,957543,SAOUHSC_00985,NCTC8325_operons,menB
2,TU-U510,"NA, S405, NA, menD, NA, menB","SAOUHSC_00981, new_952996_953071_1, SAOUHSC_00982, SAOUHSC_00983, SAOUHSC_00984, SAOUHSC_00985",NC_007795,952868,957543,SAOUHSC_00985,NCTC8325_operons,menB
2,TU-U544,"pdhA, pdhB, S426, pdhC, pdhD, S427, NA","SAOUHSC_01040, SAOUHSC_01041, new_1010501_1010590_1, SAOUHSC_01042, SAOUHSC_01043, new_1013340_1013437_1, SAOUHSC_01044",NC_007795,1008344,1013762,"SAOUHSC_01040,U544","NCTC8325_operons,promoter",pdhA
2,TU-U55,"S48, lmrP, S49, NA, NA","new_147204_147347_1, SAOUHSC_00143, new_148599_149044_1, SAOUHSC_00144, SAOUHSC_00145",NC_007795,147160,156860,SAOUHSC_00144,NCTC8325_operons,ausA
2,TU-U56,"S48, lmrP, S49, NA, NA","new_147204_147347_1, SAOUHSC_00143, new_148599_149044_1, SAOUHSC_00144, SAOUHSC_00145",NC_007795,147204,156860,SAOUHSC_00144,NCTC8325_operons,ausA
2,TU-U577,"S452, NA, NA, NA, mutS2, S453, trxA, S454, uvrC","new_1056585_1056821_1, SAOUHSC_01096, SAOUHSC_01097, SAOUHSC_01098, SAOUHSC_01099, new_1061787_1061926_1, SAOUHSC_01100, new_1062274_1062633_1, SAOUHSC_01102",NC_007795,1056585,1064116,"SAOUHSC_01102,SAOUHSC_01099",NCTC8325_operons,"uvrC,mutS2"
2,TU-U583,"NA, S457, S458, NA","SAOUHSC_01110, new_1070867_1072070_1, new_1072072_1072307_1, SAOUHSC_01113",NC_007795,1070492,1072786,"SAOUHSC_01110,new_1070867_1072070_1",NCTC8325_operons,ecb
2,TU-U595,"S470, psmB1, psmB2, NA, NA, S471, NA","new_1088341_1088442_1, SAOUHSC_01135, SAOUHSC_01136, SAOUHSC_01137, SAOUHSC_01139, new_1090559_1090749_1, SAOUHSC_01141",NC_007795,1088332,1091911,"SAOUHSC_01141,SAOUHSC_01137",NCTC8325_operons,"bshC,-"
2,TU-U597,"NA, NA, S471, NA","SAOUHSC_01137, SAOUHSC_01139, new_1090559_1090749_1, SAOUHSC_01141",NC_007795,1088866,1091911,"SAOUHSC_01141,SAOUHSC_01137",NCTC8325_operons,"bshC,-"
2,TU-U600,"mraZ, mraW, ftsL, pbpA, S472, mraY, murD, divIB, ftsA, ftsZ, S473, S474, NA","SAOUHSC_01142, SAOUHSC_01143, SAOUHSC_01144, SAOUHSC_01145, new_1096109_1096399_1, SAOUHSC_01146, SAOUHSC_01147, SAOUHSC_01148, SAOUHSC_01149, SAOUHSC_01150, new_1102834_1102959_1, new_1102961_1103159_1, SAOUHSC_01152",NC_007795,1092054,1103403,"SAOUHSC_01145,SAOUHSC_01148",NCTC8325_operons,"pbp1,divIB"
2,TU-U608,"lspA, NA, S480, S481, pyrR, S482, pyrP, pyrB, pyrC, carA, carB, S483, pyrF, pyrE, NA, S484, NA, S485","SAOUHSC_01162, SAOUHSC_01163, new_1113203_1113380_1, new_1113382_1113561_1, SAOUHSC_01164, new_1114158_1114346_1, SAOUHSC_01165, SAOUHSC_01166, SAOUHSC_01168, SAOUHSC_01169, SAOUHSC_01170, new_1122124_1122232_1, SAOUHSC_01171, SAOUHSC_01172, SAOUHSC_01173, new_1123797_1124160_1, SAOUHSC_01174, new_1124617_1124840_1",NC_007795,1111750,1124789,"SAOUHSC_01162,SAOUHSC_01170",NCTC8325_operons,"lspA,carB"
2,TU-U61,"S51, ptsG","new_168661_168955_-1, SAOUHSC_00155",NC_007795,168955,166711,SAOUHSC_00155,NCTC8325_operons,glcA
2,TU-U615,"S487, coaBC, priA","new_1127802_1127907_1, SAOUHSC_01178, SAOUHSC_01179",NC_007795,1127802,1131572,"SAOUHSC_01178,SAOUHSC_01179",NCTC8325_operons,"coaBC,priA"
2,TU-U635,"topA, S504, gid, S505, xerC, clpQ, hslU, codY, S506, NA, S507, S508, rpsB, NA, tsf, S509, pyrH, frr, S510, S511, uppS, cdsA, S512, NA, proS","SAOUHSC_01222, new_1174894_1175048_1, SAOUHSC_01223, new_1176381_1176740_1, SAOUHSC_01224, SAOUHSC_01225, SAOUHSC_01226, SAOUHSC_01228, new_1180479_1180528_1, SAOUHSC_01230, new_1180622_1180684_1, new_1180686_1180856_1, SAOUHSC_01232, SAOUHSC_01233, SAOUHSC_01234, new_1182690_1182787_1, SAOUHSC_01235, SAOUHSC_01236, new_1184084_1184389_1, new_1184391_1184455_1, SAOUHSC_01237, SAOUHSC_01238, new_1186016_1186353_1, SAOUHSC_01239, SAOUHSC_01240",NC_007795,1172780,1189372,"new_1186016_1186353_1,SAOUHSC_01223",NCTC8325_operons,gid
2,TU-U637,"S508, rpsB, NA, tsf, S509, pyrH, frr, S510, S511, uppS, cdsA, S512, NA, proS, S513, polC, S514, S515, rimP, nusA, NA, NA, infB","new_1180686_1180856_1, SAOUHSC_01232, SAOUHSC_01233, SAOUHSC_01234, new_1182690_1182787_1, SAOUHSC_01235, SAOUHSC_01236, new_1184084_1184389_1, new_1184391_1184455_1, SAOUHSC_01237, SAOUHSC_01238, new_1186016_1186353_1, SAOUHSC_01239, SAOUHSC_01240, new_1189377_1189524_1, SAOUHSC_01241, new_1193836_1194035_1, new_1194037_1194124_1, SAOUHSC_01242, SAOUHSC_01243, SAOUHSC_01244, SAOUHSC_01245, SAOUHSC_01246",NC_007795,1180686,1198535,"SAOUHSC_01241,new_1194037_1194124_1,new_1186016_1186353_1",NCTC8325_operons,polC
2,TU-U640,"S513, polC, S514, S515, rimP, nusA, NA, NA, infB","new_1189377_1189524_1, SAOUHSC_01241, new_1193836_1194035_1, new_1194037_1194124_1, SAOUHSC_01242, SAOUHSC_01243, SAOUHSC_01244, SAOUHSC_01245, SAOUHSC_01246",NC_007795,1189377,1198552,"SAOUHSC_01241,new_1194037_1194124_1",NCTC8325_operons,polC
2,TU-U643,"S517, rbfA, S518, truB, ribC, S519, rpsO, S520, pnpA","new_1198823_1198914_1, SAOUHSC_01247, new_1199318_1199433_1, SAOUHSC_01248, SAOUHSC_01249, new_1201338_1201451_1, SAOUHSC_01250, new_1201769_1202090_1, SAOUHSC_01251",NC_007795,1198823,1204162,"SAOUHSC_01247,SAOUHSC_01251",NCTC8325_operons,"rbfA,pnpA"
2,TU-U644,"S518, truB, ribC, S519, rpsO, S520, pnpA","new_1199318_1199433_1, SAOUHSC_01248, SAOUHSC_01249, new_1201338_1201451_1, SAOUHSC_01250, new_1201769_1202090_1, SAOUHSC_01251",NC_007795,1199318,1204162,SAOUHSC_01251,NCTC8325_operons,pnpA
2,TU-U645,"ribC, S519, rpsO, S520, pnpA","SAOUHSC_01249, new_1201338_1201451_1, SAOUHSC_01250, new_1201769_1202090_1, SAOUHSC_01251",NC_007795,1200133,1204179,SAOUHSC_01251,NCTC8325_operons,pnpA
2,TU-U646,"S521, rnjB, S522, ftsK, NA, NA, NA, NA, S523, NA, NA, pgsA","new_1204363_1204524_1, SAOUHSC_01252, new_1206097_1206477_1, SAOUHSC_01253, SAOUHSC_01254, SAOUHSC_01255, SAOUHSC_01256, SAOUHSC_01257, new_1212726_1212829_1, SAOUHSC_01258, SAOUHSC_01259, SAOUHSC_01260",NC_007795,1204363,1214668,"SAOUHSC_01254,SAOUHSC_01257",NCTC8325_operons,-
2,TU-U653,"NA, NA, S529, NA, S530, miaB, NA, NA","SAOUHSC_01266, SAOUHSC_01267, new_1223450_1223522_1, SAOUHSC_01268, new_1223817_1223897_1, SAOUHSC_01269, SAOUHSC_01270, SAOUHSC_01271",NC_007795,1220758,1226364,"SAOUHSC_01271,SAOUHSC_01266",NCTC8325_operons,-
2,TU-U654,"miaB, NA, NA, S531, mutS","SAOUHSC_01269, SAOUHSC_01270, SAOUHSC_01271, new_1226392_1226776_1, SAOUHSC_01272",NC_007795,1223899,1228438,"SAOUHSC_01271,U654,SAOUHSC_01272","NCTC8325_operons,promoter","-,mutS"
2,TU-U680,"S550, katA, S551, rpmG, S552, rpsN, S553, guaC, S554, NA, S556","new_1269986_1270121_1, SAOUHSC_01327, new_1271544_1271633_1, SAOUHSC_01328, new_1271833_1272186_1, SAOUHSC_01329, new_1272507_1272595_1, SAOUHSC_01330, new_1273641_1273814_1, SAOUHSC_01332, new_1274679_1274830_1",NC_007795,1269978,1274780,"SAOUHSC_01330,SAOUHSC_01327",NCTC8325_operons,katA
2,TU-U7,"S7, metX, S8, NA, NA, rplI, dnaC","new_15785_16105_1, SAOUHSC_00013, new_17075_17337_1, SAOUHSC_00014, SAOUHSC_00015, SAOUHSC_00017, SAOUHSC_00018",NC_007795,15785,22135,"SAOUHSC_00015,SAOUHSC_00018",NCTC8325_operons,"gdpP,dnaC"
2,TU-U719,cvfB,SAOUHSC_01391,NC_007795,1334267,1333353,SAOUHSC_01391,NCTC8325_operons,cvfB
2,TU-U727,braB,SAOUHSC_01411,NC_007795,1351237,1349860,"SAOUHSC_01411,U727","NCTC8325_operons,promoter",brnQ3
2,TU-U738,"NA, NA, cvfC, NA, S601, thyA, S600, dfrA, NA, msrA2, msrB, crr, NA","SAOUHSC_01439, SAOUHSC_01438, SAOUHSC_01437, SAOUHSC_01436, new_1371698_1372034_-1, SAOUHSC_01435, new_1370490_1370688_-1, SAOUHSC_01434, SAOUHSC_01433, SAOUHSC_01432, SAOUHSC_01431, SAOUHSC_01430, SAOUHSC_01429",NC_007795,1374218,1367404,"SAOUHSC_01433,new_1371698_1372034_-1",NCTC8325_operons,fakB2
2,TU-U740,"S602, NA, S603","new_1374321_1374385_1, SAOUHSC_01440, new_1375091_1375533_1",NC_007795,1374321,1375488,"U740,new_1375091_1375533_1","NCTC8325_operons,promoter",
2,TU-U744,"S607, NA, NA","new_1415064_1415191_-1, SAOUHSC_01455, SAOUHSC_01454",NC_007795,1415189,1410703,"SAOUHSC_01455,SAOUHSC_01454",NCTC8325_operons,"dynA,-"
2,TU-U749,"S612, recU, pbp2","new_1420776_1420877_1, SAOUHSC_01466, SAOUHSC_01467",NC_007795,1420775,1423734,SAOUHSC_01467,NCTC8325_operons,pbp2
2,TU-U798,"argR, recN, S646, lpdA, bfmBAA, bfmBAB, bmfBB, S645, NA, NA","SAOUHSC_01617, SAOUHSC_01615, new_1539337_1539486_-1, SAOUHSC_01614, SAOUHSC_01613, SAOUHSC_01612, SAOUHSC_01611, new_1534335_1534608_-1, SAOUHSC_01610, SAOUHSC_01609",NC_007795,1541674,1532882,"SAOUHSC_01617,SAOUHSC_01615",NCTC8325_operons,"argR,recN"
2,TU-U799,"NA, nusB, xseA, xseB, ispA","SAOUHSC_01622, SAOUHSC_01621, SAOUHSC_01620, SAOUHSC_01619, SAOUHSC_01618",NC_007795,1545564,1542079,"SAOUHSC_01621,SAOUHSC_01620",NCTC8325_operons,"nusB,xseA"
2,TU-U8,"NA, NA, rplI, dnaC","SAOUHSC_00014, SAOUHSC_00015, SAOUHSC_00017, SAOUHSC_00018",NC_007795,17339,22152,"SAOUHSC_00015,SAOUHSC_00018",NCTC8325_operons,"gdpP,dnaC"
2,TU-U826,"hrcA, grpE, dnaK, S666, dnaJ, prmA, rsmE, NA, S665, S664, rpsU","SAOUHSC_01685, SAOUHSC_01684, SAOUHSC_01683, new_1592478_1592592_-1, SAOUHSC_01682, SAOUHSC_01681, SAOUHSC_01680, SAOUHSC_01679, new_1588083_1588288_-1, new_1587997_1588081_-1, SAOUHSC_01678",NC_007795,1596210,1587792,"SAOUHSC_01682,SAOUHSC_01683",NCTC8325_operons,"dnaJ,dnaK"
2,TU-U83,"S69, ldh1, S70, NA, S71","new_228158_228481_1, SAOUHSC_00206, new_229362_229501_1, SAOUHSC_00208, new_229646_230633_1",NC_007795,228156,230521,new_229646_230633_1,NCTC8325_operons,glcC
2,TU-U836,"S675, NA, S674, NA, NA, NA, NA, NA, S673","new_1619567_1619648_-1, SAOUHSC_01712, new_1618780_1618864_-1, SAOUHSC_01711, SAOUHSC_01710, SAOUHSC_01709, SAOUHSC_01708, SAOUHSC_01707, new_1613928_1614044_-1",NC_007795,1619648,1613972,"SAOUHSC_01711,SAOUHSC_01709",NCTC8325_operons,-
2,TU-U837,"S676, NA, NA, NA, udk, greA","new_1623897_1624070_-1, SAOUHSC_01718, SAOUHSC_01717, SAOUHSC_01716, SAOUHSC_01715, SAOUHSC_01714",NC_007795,1624070,1619786,"SAOUHSC_01715,SAOUHSC_01716",NCTC8325_operons,"udk,-"
2,TU-U846,"NA",SAOUHSC_01734,NC_007795,1636597,1637951,SAOUHSC_01734,NCTC8325_operons,rarA
2,TU-U858,"obgE, NA, ruvA, ruvB, queA, tgt, yajC, S692","SAOUHSC_01753, SAOUHSC_01752, SAOUHSC_01751, SAOUHSC_01750, SAOUHSC_01749, SAOUHSC_01748, SAOUHSC_01747, new_1652156_1652296_-1",NC_007795,1658270,1652171,"SAOUHSC_01753,SAOUHSC_01750",NCTC8325_operons,"obgE,ruvB"
2,TU-U874,"S702, engB, S701, hemA, hemX, hemC, hemD, hemB, hemL","new_1677721_1677803_-1, SAOUHSC_01777, new_1676959_1677129_-1, SAOUHSC_01776, SAOUHSC_01775, SAOUHSC_01774, SAOUHSC_01773, SAOUHSC_01772, SAOUHSC_01771",NC_007795,1677803,1670735,new_1677721_1677803_-1,NCTC8325_operons,engB
2,TU-U875,"NA, NA, NA, tig, S703, clpX","SAOUHSC_01782, SAOUHSC_01781, SAOUHSC_01780, SAOUHSC_01779, new_1679137_1679286_-1, SAOUHSC_01778",NC_007795,1682361,1677858,"SAOUHSC_01781,SAOUHSC_01778",NCTC8325_operons,"-,clpX"
2,TU-U877,"S705, S704, infC, rpmI, rplT, NA, NA, NA, tig, S703, clpX","new_1683663_1683774_-1, new_1683609_1683655_-1, SAOUHSC_01786, SAOUHSC_01785, SAOUHSC_01784, SAOUHSC_01782, SAOUHSC_01781, SAOUHSC_01780, SAOUHSC_01779, new_1679137_1679286_-1, SAOUHSC_01778",NC_007795,1683774,1677909,"SAOUHSC_01781,SAOUHSC_01778",NCTC8325_operons,"-,clpX"
2,TU-U901,"NA, thiI, NA, tpx, S722, NA, ackA","SAOUHSC_01825, SAOUHSC_01824, SAOUHSC_01823, SAOUHSC_01822, new_1727776_1727897_-1, SAOUHSC_01821, SAOUHSC_01820",NC_007795,1731717,1725560,"SAOUHSC_01821,SAOUHSC_01820",NCTC8325_operons,"-,ackA"
2,TU-U922,"NA",SAOUHSC_01854,NC_007795,1761209,1759611,SAOUHSC_01854,NCTC8325_operons,
2,TU-U923,"NA, NA","SAOUHSC_01855, SAOUHSC_01854",NC_007795,1761799,1759611,SAOUHSC_01854,NCTC8325_operons,
2,TU-U924,"NA, NA, murC, NA, NA","SAOUHSC_01858, SAOUHSC_01857, SAOUHSC_01856, SAOUHSC_01855, SAOUHSC_01854",NC_007795,1767943,1759628,"SAOUHSC_01854,SAOUHSC_01857",NCTC8325_operons,ftsK
2,TU-U925,"NA, NA, NA, murC, NA, NA","SAOUHSC_01859, SAOUHSC_01858, SAOUHSC_01857, SAOUHSC_01856, SAOUHSC_01855, SAOUHSC_01854",NC_007795,1768525,1759645,"SAOUHSC_01854,SAOUHSC_01857",NCTC8325_operons,ftsK
2,TU-U94,"NA, bglA","SAOUHSC_00235, SAOUHSC_00236",NC_007795,256164,258503,"SAOUHSC_00235,SAOUHSC_00236",NCTC8325_operons,bglA
2,TU-U980,"NA, NA","SAOUHSC_01967, SAOUHSC_01966",NC_007795,1872728,1870689,"SAOUHSC_01967,U980","NCTC8325_operons,promoter",ecsA
1,TU-U100,"S82, NA, S83, lytM","new_266361_266434_1, SAOUHSC_00247, new_267428_267696_1, SAOUHSC_00248",NC_007795,266361,268686,new_267428_267696_1,NCTC8325_operons,
1,TU-U1004,"S796, perR, S795","new_1907719_1907766_-1, SAOUHSC_01997, new_1907151_1907223_-1",NC_007795,1907717,1906831,SAOUHSC_01997,NCTC8325_operons,perR
1,TU-U1006,"NA, NA, S796","SAOUHSC_01999, SAOUHSC_01998, new_1907719_1907766_-1",NC_007795,1909224,1907715,SAOUHSC_01998,NCTC8325_operons,-
1,TU-U1009,"NA, S800, S799, NA","SAOUHSC_02004, new_1913979_1914152_-1, new_1913863_1913977_-1, SAOUHSC_02003",NC_007795,1914739,1912203,SAOUHSC_02003,NCTC8325_operons,-
1,TU-U101,lytM,SAOUHSC_00248,NC_007795,267698,268686,U101,promoter,
1,TU-U1023,"S814, S815","new_1960585_1960960_1, new_1960962_1962644_1",NC_007795,1960585,1962124,new_1960585_1960960_1,NCTC8325_operons,
1,TU-U1024,"NA, NA, NA, S813, NA, NA, NA, NA, NA, NA, NA, NA, NA, NA, NA, NA, NA, NA, S812, NA, NA, NA, NA, NA, S811, NA, NA, NA, NA, NA, NA, NA, NA, NA, NA, NA, NA, NA, NA, NA, NA, NA, NA, NA, NA, NA, NA, NA, S810","SAOUHSC_02075, SAOUHSC_02074, SAOUHSC_02073, new_1958584_1958666_-1, SAOUHSC_02071, SAOUHSC_02070, SAOUHSC_02069, SAOUHSC_02068, SAOUHSC_02067, SAOUHSC_02066, SAOUHSC_02062, SAOUHSC_02061, SAOUHSC_02058, SAOUHSC_02057, SAOUHSC_02056, SAOUHSC_02053, SAOUHSC_02052, SAOUHSC_02051, new_1950544_1950672_-1, SAOUHSC_02050, SAOUHSC_02049, SAOUHSC_02048, SAOUHSC_02047, SAOUHSC_02046, new_1945883_1945990_-1, SAOUHSC_02044, SAOUHSC_02043, SAOUHSC_02042, SAOUHSC_02041, SAOUHSC_02040, SAOUHSC_02038, SAOUHSC_02037, SAOUHSC_02036, SAOUHSC_02035, SAOUHSC_02034, SAOUHSC_02033, SAOUHSC_02031, SAOUHSC_02030, SAOUHSC_02029, SAOUHSC_02028, SAOUHSC_02027, SAOUHSC_02026, SAOUHSC_02025, SAOUHSC_02023, SAOUHSC_02022, SAOUHSC_02021, SAOUHSC_02020, SAOUHSC_02019, new_1924468_1924646_-1",NC_007795,1960619,1924562,SAOUHSC_02028,NCTC8325_operons,
1,TU-U1026,"NA, NA, S816, NA, NA, NA, NA, NA, NA, NA, S813, NA, NA, NA, NA, NA, NA, NA, NA, NA, NA, NA, NA, NA, NA, S812, NA, NA, NA, NA, NA, S811, NA, NA, NA, NA, NA, NA, NA, NA, NA, NA, NA, NA, NA, NA, NA, NA, NA, NA, NA, NA, NA, NA, NA, S810","SAOUHSC_02083, SAOUHSC_02081, new_1962593_1962648_-1, SAOUHSC_02080, SAOUHSC_02079, SAOUHSC_02078, SAOUHSC_02077, SAOUHSC_02075, SAOUHSC_02074, SAOUHSC_02073, new_1958584_1958666_-1, SAOUHSC_02071, SAOUHSC_02070, SAOUHSC_02069, SAOUHSC_02068, SAOUHSC_02067, SAOUHSC_02066, SAOUHSC_02062, SAOUHSC_02061, SAOUHSC_02058, SAOUHSC_02057, SAOUHSC_02056, SAOUHSC_02053, SAOUHSC_02052, SAOUHSC_02051, new_1950544_1950672_-1, SAOUHSC_02050, SAOUHSC_02049, SAOUHSC_02048, SAOUHSC_02047, SAOUHSC_02046, new_1945883_1945990_-1, SAOUHSC_02044, SAOUHSC_02043, SAOUHSC_02042, SAOUHSC_02041, SAOUHSC_02040, SAOUHSC_02038, SAOUHSC_02037, SAOUHSC_02036, SAOUHSC_02035, SAOUHSC_02034, SAOUHSC_02033, SAOUHSC_02031, SAOUHSC_02030, SAOUHSC_02029, SAOUHSC_02028, SAOUHSC_02027, SAOUHSC_02026, SAOUHSC_02025, SAOUHSC_02023, SAOUHSC_02022, SAOUHSC_02021, SAOUHSC_02020, SAOUHSC_02019, new_1924468_1924646_-1",NC_007795,1963275,1924562,SAOUHSC_02028,NCTC8325_operons,
1,TU-U1027,"NA, S817, S819, NA, NA, S820, int, NA","SAOUHSC_02084, new_1964112_1964180_1, new_1964349_1964507_1, SAOUHSC_02086, SAOUHSC_02087, new_1965635_1965882_1, SAOUHSC_02089, SAOUHSC_02090",NC_007795,1963362,1968108,"SAOUHSC_02090,SAOUHSC_02084",NCTC8325_operons,-
1,TU-U1029,"ptpA, NA, S822","SAOUHSC_02095, SAOUHSC_02096, new_1971375_1971573_1",NC_007795,1970562,1971559,"SAOUHSC_02096,new_1971375_1971573_1",NCTC8325_operons,-
1,TU-U1033,"S825, NA, S827","new_1976761_1977225_1, SAOUHSC_02103, new_1978213_1978582_1",NC_007795,1976753,1978546,SAOUHSC_02103,NCTC8325_operons,-
1,TU-U1041,"S833, NA, rumA, S832, NA, S831","new_1987537_1988118_-1, SAOUHSC_02114, SAOUHSC_02113, new_1985030_1985146_-1, SAOUHSC_02112, new_1984305_1984446_-1",NC_007795,1988122,1984368,SAOUHSC_02113,NCTC8325_operons,rumA
1,TU-U1042,"gatC, gatA, gatB","SAOUHSC_02118, SAOUHSC_02117, SAOUHSC_02116",NC_007795,1991551,1988295,SAOUHSC_02117,NCTC8325_operons,gatA
1,TU-U1047,"NA, NA, S836","SAOUHSC_02127, SAOUHSC_02129, new_2003863_2004006_1",NC_007795,2002311,2003978,new_2003863_2004006_1,NCTC8325_operons,
1,TU-U1051,"NA, S840, sdcS, S839","SAOUHSC_02138, new_2011291_2011494_-1, SAOUHSC_02137, new_2009615_2009727_-1",NC_007795,2012877,2009647,SAOUHSC_02138,NCTC8325_operons,-
1,TU-U1056,"S844, NA, S843","new_2018871_2018948_-1, SAOUHSC_02145, new_2017489_2018696_-1",NC_007795,2018948,2017501,SAOUHSC_02145,NCTC8325_operons,-
1,TU-U1057,"S845, S844, NA","new_2018950_2019235_-1, new_2018871_2018948_-1, SAOUHSC_02145",NC_007795,2019237,2018674,SAOUHSC_02145,NCTC8325_operons,-
1,TU-U1059,"NA",SAOUHSC_02150,NC_007795,2022478,2023086,SAOUHSC_02150,NCTC8325_operons,-
1,TU-U1060,"NA, NA, NA, NA, NA","SAOUHSC_02155, SAOUHSC_02154, SAOUHSC_02153, SAOUHSC_02152, SAOUHSC_02151",NC_007795,2026749,2023162,SAOUHSC_02151,NCTC8325_operons,pmtD
1,TU-U1061,"NA, NA, NA, NA, NA, NA","SAOUHSC_02156, SAOUHSC_02155, SAOUHSC_02154, SAOUHSC_02153, SAOUHSC_02152, SAOUHSC_02151",NC_007795,2027178,2023162,SAOUHSC_02151,NCTC8325_operons,pmtD
1,TU-U1064,"NA",SAOUHSC_02158,NC_007795,2027630,2028951,U1064,promoter,
1,TU-U107,"NA, NA, NA, S85, NA","SAOUHSC_00269, SAOUHSC_00270, SAOUHSC_00271, new_291566_291700_1, SAOUHSC_00272",NC_007795,288855,291908,SAOUHSC_00270,NCTC8325_operons,-
1,TU-U1080,"NA, NA, S861, NA, S860, NA, NA, NA, S859, NA, NA, NA, NA, NA","SAOUHSC_02234, SAOUHSC_02233, new_2070205_2070823_-1, SAOUHSC_02231, new_2069677_2069847_-1, SAOUHSC_02229, SAOUHSC_02228, SAOUHSC_02227, new_2068366_2069070_-1, SAOUHSC_02225, SAOUHSC_02223, SAOUHSC_02222, SAOUHSC_02220, SAOUHSC_02219",NC_007795,2071375,2065866,new_2069677_2069847_-1,NCTC8325_operons,-
1,TU-U1081,"NA, S862, int, S863, truncated-hlb","SAOUHSC_02235, new_2072256_2072468_1, SAOUHSC_02239, new_2074575_2074630_1, SAOUHSC_02240",NC_007795,2071451,2075446,SAOUHSC_02235,NCTC8325_operons,
1,TU-U1085,"NA",SAOUHSC_02247,NC_007795,2081752,2083130,SAOUHSC_02247,NCTC8325_operons,ktrB
1,TU-U109,"NA, S88","SAOUHSC_00281, new_295925_296346_-1",NC_007795,297203,296047,new_295925_296346_-1,NCTC8325_operons,-
1,TU-U1094,"hld, S871, S870, sdrH","SAOUHSC_02260, new_2093169_2093503_-1, new_2090994_2093167_-1, SAOUHSC_02257",NC_007795,2093694,2090686,new_2093169_2093503_-1,NCTC8325_operons,
1,TU-U11,"S9, walR, walK, yycH, yycI","new_24770_24930_1, SAOUHSC_00020, SAOUHSC_00021, SAOUHSC_00022, SAOUHSC_00023",NC_007795,24769,29581,SAOUHSC_00022,NCTC8325_operons,walH
1,TU-U1100,nrgA,SAOUHSC_02270,NC_007795,2102008,2101651,U1100,promoter,
1,TU-U1113,"S892, NA, NA, NA, acpS, alr, NA, NA, S891, NA, rsbU, S890, rsbV, rsbW, sigB","new_2139664_2139731_-1, SAOUHSC_02309, SAOUHSC_02308, SAOUHSC_02307, SAOUHSC_02306, SAOUHSC_02305, SAOUHSC_02304, SAOUHSC_02303, new_2134654_2134938_-1, SAOUHSC_02302, SAOUHSC_02301, new_2133482_2133599_-1, SAOUHSC_02300, SAOUHSC_02299, SAOUHSC_02298",NC_007795,2139729,2131911,SAOUHSC_02305,NCTC8325_operons,alr
1,TU-U1115,"kdpD, kdpE","SAOUHSC_02314, SAOUHSC_02315",NC_007795,2144415,2147798,U1115,promoter,
1,TU-U1134,"NA, ptpB","SAOUHSC_02357, SAOUHSC_02356",NC_007795,2179715,2178185,SAOUHSC_02357,NCTC8325_operons,-
1,TU-U114,"S91, pfoR","new_302318_302465_1, SAOUHSC_00290",NC_007795,302318,303434,SAOUHSC_00290,NCTC8325_operons,-
1,TU-U1144,coaA,SAOUHSC_02371,NC_007795,2193884,2194718,SAOUHSC_02371,NCTC8325_operons,coaA
1,TU-U1146,"S917, hmrA, NA, S916, NA, S915","new_2198312_2198388_-1, SAOUHSC_02374, SAOUHSC_02373, new_2195578_2195933_-1, SAOUHSC_02372, new_2194765_2194863_-1",NC_007795,2198388,2194811,SAOUHSC_02374,NCTC8325_operons,hmrA
1,TU-U1148,"S920, deoC2, S919, pdp, NA","new_2201851_2202093_-1, SAOUHSC_02379, new_2200910_2201187_-1, SAOUHSC_02377, SAOUHSC_02376",NC_007795,2202093,2199248,SAOUHSC_02377,NCTC8325_operons,pdp
1,TU-U115,nanA,SAOUHSC_00295,NC_007795,309613,309511,SAOUHSC_00295,NCTC8325_operons,nanA
1,TU-U1150,"S920, deoC2, S919, pdp, NA","new_2201851_2202093_-1, SAOUHSC_02379, new_2200910_2201187_-1, SAOUHSC_02377, SAOUHSC_02376",NC_007795,2202138,2199248,SAOUHSC_02377,NCTC8325_operons,pdp
1,TU-U1152,"dps, S921","SAOUHSC_02381, new_2202140_2202943_-1",NC_007795,2203500,2202104,U1152,promoter,
1,TU-U1153,"NA, S922, dps","SAOUHSC_02382, new_2203502_2203638_-1, SAOUHSC_02381",NC_007795,2204099,2202988,new_2203502_2203638_-1,NCTC8325_operons,
1,TU-U1154,"S924, NA, S923","new_2205884_2206216_-1, SAOUHSC_02383, new_2204416_2204509_-1",NC_007795,2206216,2204450,SAOUHSC_02383,NCTC8325_operons,-
1,TU-U1157,"NA, S927, S926, NA, manA, NA, S925","SAOUHSC_02387, new_2208026_2208147_-1, new_2207834_2208024_-1, SAOUHSC_02386, SAOUHSC_02385, SAOUHSC_02384, new_2206447_2206554_-1",NC_007795,2208894,2206490,SAOUHSC_02387,NCTC8325_operons,-
1,TU-U1173,"S941, mdeA","new_2247470_2247698_-1, SAOUHSC_02418",NC_007795,2247698,2246049,SAOUHSC_02418,NCTC8325_operons,lmrS
1,TU-U1174,"NA, NA, NA, S943, sdrM, S942, sepA, S941, mdeA","SAOUHSC_02424, SAOUHSC_02423, SAOUHSC_02422, new_2249707_2249882_-1, SAOUHSC_02420, new_2248265_2248362_-1, SAOUHSC_02419, new_2247470_2247698_-1, SAOUHSC_02418",NC_007795,2252358,2246066,SAOUHSC_02418,NCTC8325_operons,lmrS
1,TU-U1177,"htsA, htsB, htsC","SAOUHSC_02430, SAOUHSC_02428, SAOUHSC_02427",NC_007795,2257541,2254515,SAOUHSC_02428,NCTC8325_operons,htsB
1,TU-U1184,"NA",SAOUHSC_02445,NC_007795,2270546,2269509,SAOUHSC_02445,NCTC8325_operons,-
1,TU-U1185,"NA, S951, NA, S950, NA","SAOUHSC_02448, new_2271738_2272019_-1, SAOUHSC_02447, new_2270571_2270735_-1, SAOUHSC_02445",NC_007795,2272940,2269526,SAOUHSC_02445,NCTC8325_operons,-
1,TU-U1187,lacR,SAOUHSC_02456,NC_007795,2280729,2279913,SAOUHSC_02456,NCTC8325_operons,lacR
1,TU-U1188,cobB,SAOUHSC_02457,NC_007795,2280845,2281554,SAOUHSC_02457,NCTC8325_operons,cobB
1,TU-U1193,"NA, S956, NA","SAOUHSC_02465, new_2288215_2288424_-1, SAOUHSC_02464",NC_007795,2289348,2287376,SAOUHSC_02464,NCTC8325_operons,-
1,TU-U1197,"NA, NA, NA, S961, NA, S960, NA","SAOUHSC_02474, SAOUHSC_02473, SAOUHSC_02472, new_2295325_2295452_-1, SAOUHSC_02471, new_2293365_2293917_-1, SAOUHSC_02470",NC_007795,2297610,2293309,SAOUHSC_02471,NCTC8325_operons,-
1,TU-U1203,"S969, NA","new_2320256_2320449_-1, SAOUHSC_02516",NC_007795,2320449,2319081,new_2320256_2320449_-1,NCTC8325_operons,pbuG
1,TU-U1204,"NA, topB, S969, NA","SAOUHSC_02518, SAOUHSC_02517, new_2320256_2320449_-1, SAOUHSC_02516",NC_007795,2322768,2319098,new_2320256_2320449_-1,NCTC8325_operons,pbuG
1,TU-U1211,"S975, NA","new_2330318_2330386_-1, SAOUHSC_02525",NC_007795,2330386,2327156,SAOUHSC_02525,NCTC8325_operons,-
1,TU-U1213,"NA, S976, fmhB, S975, NA","SAOUHSC_02529, new_2331700_2332330_-1, SAOUHSC_02527, new_2330318_2330386_-1, SAOUHSC_02525",NC_007795,2333125,2327173,SAOUHSC_02525,NCTC8325_operons,-
1,TU-U1214,NA,NA,NC_007795,-1,-1,U1214,promoter,
1,TU-U1216,"modA, modB, modC, S981, moeB, moaB, S980, moeA, mobB, moaE, moaD, mobA, moaA, S979, NA, S978, sarV","SAOUHSC_02549, SAOUHSC_02547, SAOUHSC_02546, new_2342235_2342403_-1, SAOUHSC_02545, SAOUHSC_02544, new_2340135_2340692_-1, SAOUHSC_02542, SAOUHSC_02541, SAOUHSC_02540, SAOUHSC_02538, SAOUHSC_02537, SAOUHSC_02536, new_2335943_2336045_-1, SAOUHSC_02535, new_2335356_2335707_-1, SAOUHSC_02532",NC_007795,2344514,2335231,SAOUHSC_02536,NCTC8325_operons,moaA
1,TU-U1239,"S996, S995, fdhA, NA","new_2374860_2375096_-1, new_2374747_2374858_-1, SAOUHSC_02582, SAOUHSC_02581",NC_007795,2375097,2371322,new_2374860_2375096_-1,NCTC8325_operons,
1,TU-U124,"mepR, S99, mepA","SAOUHSC_00314, new_329258_329363_1, SAOUHSC_00315",NC_007795,328797,330362,SAOUHSC_00315,NCTC8325_operons,mepA
1,TU-U1248,"NA, NA, NA","SAOUHSC_02595, SAOUHSC_02594, SAOUHSC_02593",NC_007795,2385928,2384072,SAOUHSC_02595,NCTC8325_operons,-
1,TU-U1253,"S1008, S1007, NA, S1006, NA","new_2391526_2391671_-1, new_2391394_2391524_-1, SAOUHSC_02601, new_2390050_2390181_-1, SAOUHSC_02600",NC_007795,2391671,2389529,new_2391526_2391671_-1,NCTC8325_operons,
1,TU-U1257,"S1010, hutU, hutI","new_2398066_2398148_-1, SAOUHSC_02607, SAOUHSC_02606",NC_007795,2398147,2395190,SAOUHSC_02607,NCTC8325_operons,hutU
1,TU-U1260,lyrA,SAOUHSC_02611,NC_007795,2401375,2402679,SAOUHSC_02611,NCTC8325_operons,lyrA
1,TU-U1265,"S1014, NA","new_2409101_2409419_-1, SAOUHSC_02620",NC_007795,2409419,2408365,U1265,promoter,
1,TU-U1267,"corA, fni","SAOUHSC_02624, SAOUHSC_02623",NC_007795,2413761,2411714,SAOUHSC_02623,NCTC8325_operons,fni
1,TU-U1274,"S1020, NA, tcaB","new_2421552_2421625_-1, SAOUHSC_02633, SAOUHSC_02632",NC_007795,2421627,2420265,SAOUHSC_02633,NCTC8325_operons,tcaB
1,TU-U1294,"S1036, S1035, NA, scrA","new_2446929_2448180_-1, new_2446372_2446927_-1, SAOUHSC_02662, SAOUHSC_02661",NC_007795,2448180,2445153,new_2446372_2446927_-1,NCTC8325_operons,-
1,TU-U1295,"S1037, NA","new_2448341_2448425_1, SAOUHSC_02664",NC_007795,2448341,2450568,SAOUHSC_02664,NCTC8325_operons,rsp
1,TU-U1297,"NA",SAOUHSC_02666,NC_007795,2451212,2451673,SAOUHSC_02666,NCTC8325_operons,-
1,TU-U1298,"NA",SAOUHSC_02666,NC_007795,2451250,2451673,SAOUHSC_02666,NCTC8325_operons,-
1,TU-U1305,"S1046, narG, S1045, narH, narJ, narI, NA, nreB, S1044, nreC","new_2467581_2467678_-1, SAOUHSC_02681, new_2463788_2463890_-1, SAOUHSC_02680, SAOUHSC_02679, SAOUHSC_02678, SAOUHSC_02677, SAOUHSC_02676, new_2459501_2459573_-1, SAOUHSC_02675",NC_007795,2467678,2458889,"SAOUHSC_02680,SAOUHSC_02681",NCTC8325_operons,"narH,narG"
1,TU-U1306,"nirR, nasD, nasE, nasF","SAOUHSC_02685, SAOUHSC_02684, SAOUHSC_02683, SAOUHSC_02682",NC_007795,2472402,2467933,"SAOUHSC_02685,SAOUHSC_02683",NCTC8325_operons,"nirR,nasE"
1,TU-U1324,"bioD, bioA, bioB, bioF, bioW, bioX","SAOUHSC_02716, SAOUHSC_02715, SAOUHSC_02714, SAOUHSC_02713, SAOUHSC_02712, SAOUHSC_02711",NC_007795,2498063,2492719,SAOUHSC_02713,NCTC8325_operons,bioF
1,TU-U1331,"NA",SAOUHSC_02725,NC_007795,2505508,2506753,SAOUHSC_02725,NCTC8325_operons,-
1,TU-U1336,"NA",SAOUHSC_02731,NC_007795,2510786,2512907,SAOUHSC_02731,NCTC8325_operons,-
1,TU-U134,"metI, metC, metH, metE, NA","SAOUHSC_00341, SAOUHSC_00340, SAOUHSC_00339, SAOUHSC_00338, SAOUHSC_00337",NC_007795,356261,349121,SAOUHSC_00339,NCTC8325_operons,metF
1,TU-U1346,"S1065, pnbA, S1066","new_2527411_2527892_1, SAOUHSC_02751, new_2529323_2530783_1",NC_007795,2527411,2530740,new_2529323_2530783_1,NCTC8325_operons,-
1,TU-U1348,"S1067, NA","new_2530469_2530620_-1, SAOUHSC_02752",NC_007795,2530620,2529371,SAOUHSC_02752,NCTC8325_operons,-
1,TU-U1353,"S1072, NA, S1071","new_2537117_2537225_-1, SAOUHSC_02760, new_2535429_2535538_-1",NC_007795,2537242,2535457,new_2535429_2535538_-1,NCTC8325_operons,
1,TU-U1356,"S1077, S1076, dapF, NA, S1075, NA, S1074, opp-1A, opp-1B, opp-1C, opp-1D, opp-1F, NA, S1073","new_2547824_2548037_-1, new_2547543_2547822_-1, SAOUHSC_02770, SAOUHSC_02769, new_2545813_2545891_-1, SAOUHSC_02768, new_2544456_2544597_-1, SAOUHSC_02767, SAOUHSC_02766, SAOUHSC_02765, SAOUHSC_02764, SAOUHSC_02763, SAOUHSC_02762, new_2538124_2538234_-1",NC_007795,2548040,2538160,SAOUHSC_02766,NCTC8325_operons,cntB
1,TU-U1360,"S1081, NA","new_2552161_2552346_-1, SAOUHSC_02774",NC_007795,2552346,2551692,SAOUHSC_02774,NCTC8325_operons,-
1,TU-U137,"S107, NA, NA, ychF","new_357749_357885_1, SAOUHSC_00344, SAOUHSC_00345, SAOUHSC_00346",NC_007795,357749,360129,SAOUHSC_00346,NCTC8325_operons,ychF
1,TU-U1374,sasG,SAOUHSC_02798,NC_007795,2574948,2573469,U1374,promoter,
1,TU-U1379,"gntR, gntK","SAOUHSC_02809, SAOUHSC_02808",NC_007795,2588686,2587477,SAOUHSC_02808,NCTC8325_operons,gntK
1,TU-U1397,srtA,SAOUHSC_02834,NC_007795,2612635,2611940,SAOUHSC_02834,NCTC8325_operons,srtA
1,TU-U1398,"NA, S1105","SAOUHSC_02836, new_2613258_2613474_1",NC_007795,2612732,2613428,SAOUHSC_02836,NCTC8325_operons,-
1,TU-U1399,"NA",SAOUHSC_02837,NC_007795,2613895,2613674,U1399,promoter,
1,TU-U14,"S11, orfX, S12, NA, S13, NA, S14","new_33610_33690_1, SAOUHSC_00027, new_34171_34472_1, SAOUHSC_00029, new_34566_34711_1, SAOUHSC_00030, new_36458_36606_1",NC_007795,33609,36568,SAOUHSC_00027,NCTC8325_operons,orfX
1,TU-U1400,"S1106, NA, sdaAB, sdaAA","new_2616636_2616731_-1, SAOUHSC_02841, SAOUHSC_02840, SAOUHSC_02839",NC_007795,2616731,2614048,SAOUHSC_02839,NCTC8325_operons,sdaAA
1,TU-U1401,"S1107, S1106, NA, sdaAB, sdaAA","new_2616733_2617040_-1, new_2616636_2616731_-1, SAOUHSC_02841, SAOUHSC_02840, SAOUHSC_02839",NC_007795,2617046,2614031,SAOUHSC_02839,NCTC8325_operons,sdaAA
1,TU-U1407,cidC,SAOUHSC_02849,NC_007795,2625584,2623245,SAOUHSC_02849,NCTC8325_operons,cidC
1,TU-U1408,"cidA, cidB, cidC","SAOUHSC_02851, SAOUHSC_02850, SAOUHSC_02849",NC_007795,2626190,2623245,SAOUHSC_02849,NCTC8325_operons,cidC
1,TU-U1417,"S1119, mvaA, S1118","new_2631315_2631541_-1, SAOUHSC_02859, new_2629933_2630036_-1",NC_007795,2631541,2629977,SAOUHSC_02859,NCTC8325_operons,mvaA
1,TU-U1418,"S1119, mvaA, S1118","new_2631315_2631541_-1, SAOUHSC_02859, new_2629933_2630036_-1",NC_007795,2631745,2629977,SAOUHSC_02859,NCTC8325_operons,mvaA
1,TU-U1420,"S1122, clpL","new_2633743_2633833_1, SAOUHSC_02862",NC_007795,2633736,2635953,SAOUHSC_02862,NCTC8325_operons,clpL
1,TU-U1424,"S1123, NA","new_2641109_2641195_-1, SAOUHSC_02866",NC_007795,2641195,2638647,SAOUHSC_02866,NCTC8325_operons,farE
1,TU-U1429,"copA, S1127, NA","SAOUHSC_02873, new_2647590_2647868_1, SAOUHSC_02874",NC_007795,2645143,2648125,U1429,promoter,
1,TU-U1439,"S1137, NA, NA, NA","new_2666860_2666935_-1, SAOUHSC_02896, SAOUHSC_02895, SAOUHSC_02894",NC_007795,2666936,2665320,SAOUHSC_02895,NCTC8325_operons,-
1,TU-U1440,"S1138, NA, NA","new_2668270_2668341_1, SAOUHSC_02899, SAOUHSC_02900",NC_007795,2668270,2670191,SAOUHSC_02899,NCTC8325_operons,-
1,TU-U1442,"NA, NA, NA, S1142","SAOUHSC_02907, SAOUHSC_02906, SAOUHSC_02905, new_2673918_2674109_-1",NC_007795,2675229,2673956,SAOUHSC_02907,NCTC8325_operons,-
1,TU-U1444,"S1143, pyrD, S1144, NA, S1145","new_2676413_2676480_1, SAOUHSC_02909, new_2677603_2677699_1, SAOUHSC_02910, new_2677976_2678065_1",NC_007795,2676404,2678028,new_2677976_2678065_1,NCTC8325_operons,
1,TU-U1445,"S1144, NA, S1145","new_2677603_2677699_1, SAOUHSC_02910, new_2677976_2678065_1",NC_007795,2677603,2678028,new_2677976_2678065_1,NCTC8325_operons,
1,TU-U1453,"S1148, ldh2, S1147, budA2","new_2687306_2687394_-1, SAOUHSC_02922, new_2686069_2686217_-1, SAOUHSC_02921",NC_007795,2687394,2685448,SAOUHSC_02922,NCTC8325_operons,ldh2
1,TU-U1454,"S1148, ldh2","new_2687306_2687394_-1, SAOUHSC_02922",NC_007795,2687673,2686400,SAOUHSC_02922,NCTC8325_operons,ldh2
1,TU-U1467,"betB, S1156, betA","SAOUHSC_02933, new_2699635_2699894_-1, SAOUHSC_02932",NC_007795,2701438,2697926,SAOUHSC_02932,NCTC8325_operons,betA
1,TU-U1472,"nrdD, nrdG","SAOUHSC_02942, SAOUHSC_02941",NC_007795,2707908,2705491,SAOUHSC_02942,NCTC8325_operons,nrdD
1,TU-U1475,"S1163, NA, S1162, NA, NA","new_2714179_2714637_-1, SAOUHSC_02950, new_2713684_2714013_-1, SAOUHSC_A02794, SAOUHSC_02949",NC_007795,2714648,2712971,new_2714179_2714637_-1,NCTC8325_operons,
1,TU-U1477,"NA, nsaR, nsaS","SAOUHSC_02957, SAOUHSC_02956, SAOUHSC_02955",NC_007795,2719537,2717714,SAOUHSC_02955,NCTC8325_operons,nsaS
1,TU-U1486,aur,SAOUHSC_02971,NC_007795,2734255,2733660,SAOUHSC_02971,NCTC8325_operons,aur
1,TU-U1493,"S1166, NA","new_2744059_2744223_-1, SAOUHSC_02978",NC_007795,2744223,2741089,SAOUHSC_02978,NCTC8325_operons,-
1,TU-U1494,"NA, NA, S1170, NA, S1169, NA, S1168","SAOUHSC_02984, SAOUHSC_02983, new_2749031_2749271_-1, SAOUHSC_02982, new_2746956_2747096_-1, SAOUHSC_02980, new_2746249_2746394_-1",NC_007795,2754037,2746274,SAOUHSC_02984,NCTC8325_operons,gtfA
1,TU-U1496,"S1171, NA","new_2766745_2767105_-1, SAOUHSC_02990",NC_007795,2767105,2759925,SAOUHSC_02990,NCTC8325_operons,sasA
1,TU-U1498,"NA",SAOUHSC_02994,NC_007795,2769060,2769709,SAOUHSC_02994,NCTC8325_operons,-
1,TU-U1499,"NA, S1172, NA","SAOUHSC_02995, new_2767982_2769561_-1, SAOUHSC_02991",NC_007795,2770210,2767303,new_2767982_2769561_-1,NCTC8325_operons,-
1,TU-U1500,"S1174, icaR, S1173","new_2775011_2775095_-1, SAOUHSC_03001, new_2774094_2774449_-1",NC_007795,2775095,2774137,U1500,promoter,
1,TU-U1505,"S1181, NA, NA, NA, NA, NA, S1180, NA","new_2795215_2795302_-1, SAOUHSC_03021, SAOUHSC_03020, SAOUHSC_03019, SAOUHSC_03018, SAOUHSC_03017, new_2790527_2790643_-1, SAOUHSC_03016",NC_007795,2795303,2789386,SAOUHSC_03019,NCTC8325_operons,-
1,TU-U1518,"NA",SAOUHSC_03035,NC_007795,2807767,2807185,SAOUHSC_03035,NCTC8325_operons,-
1,TU-U159,"S120, xpt, pbuX, guaB, guaA","new_377988_378328_1, SAOUHSC_00372, SAOUHSC_00373, SAOUHSC_00374, SAOUHSC_00375",NC_007795,377988,383232,"SAOUHSC_00374,SAOUHSC_00375",NCTC8325_operons,"guaB,guaA"
1,TU-U162,"NA, NA","SAOUHSC_00382, SAOUHSC_00381",NC_007795,387864,386606,SAOUHSC_00382,NCTC8325_operons,-
1,TU-U164,NA,NA,NC_007795,-1,-1,U164,promoter,
1,TU-U165,"S124, set15, NA","new_402428_402507_1, SAOUHSC_00399, SAOUHSC_00400",NC_007795,402428,404703,SAOUHSC_00400,NCTC8325_operons,-
1,TU-U169,"NA, S128, NA","SAOUHSC_00410, new_411925_412192_1, SAOUHSC_00411",NC_007795,410667,412795,SAOUHSC_00410,NCTC8325_operons,-
1,TU-U176,"NA",SAOUHSC_00420,NC_007795,420772,422060,SAOUHSC_00420,NCTC8325_operons,-
1,TU-U177,"S135, cysM, NA","new_422281_422375_1, SAOUHSC_00421, SAOUHSC_00422",NC_007795,422282,424389,SAOUHSC_00422,NCTC8325_operons,mccB
1,TU-U179,S137,new_427448_427532_1,NC_007795,427448,427534,new_427448_427532_1,NCTC8325_operons,
1,TU-U180,"S138, sle1, S139","new_427534_427608_1, SAOUHSC_00427, new_428636_428760_1",NC_007795,427534,428724,U180,promoter,
1,TU-U185,"gltB, gltD, S141","SAOUHSC_00435, SAOUHSC_00436, new_439313_439580_1",NC_007795,433278,439672,SAOUHSC_00435,NCTC8325_operons,gltB
1,TU-U186,treP,SAOUHSC_00437,NC_007795,440108,440301,SAOUHSC_00437,NCTC8325_operons,treP
1,TU-U200,"glmU, S156, prs, S157, rplY","SAOUHSC_00471, new_470928_471073_1, SAOUHSC_00472, new_472040_472188_1, SAOUHSC_00474",NC_007795,469547,472856,SAOUHSC_00474,NCTC8325_operons,rplY
1,TU-U202,"NA, S159, tilS","SAOUHSC_00483, new_481117_481229_1, SAOUHSC_00484",NC_007795,480670,482223,SAOUHSC_00484,NCTC8325_operons,tilS
1,TU-U203,"hpt, S160, S161, ftsH, S162, hslO, S163, cysK","SAOUHSC_00485, new_483136_483224_1, new_483226_483391_1, SAOUHSC_00486, new_485515_485713_1, SAOUHSC_00487, new_486645_486773_1, SAOUHSC_00488",NC_007795,482229,487663,U203,promoter,tilS
1,TU-U208,"folP, folB, folK, S164, NA, lysS, S165, S166, S167","SAOUHSC_00489, SAOUHSC_00490, SAOUHSC_00491, new_489542_489934_1, SAOUHSC_00492, SAOUHSC_00493, new_491610_491883_1, new_491885_491996_1, new_491998_492098_1",NC_007795,487833,492083,SAOUHSC_00491,NCTC8325_operons,folK
1,TU-U216,"ctsR, S169, NA, NA, clpC, S170, S171, S172, radA, NA, S173, S174, gltX, S175, S176, cysE","SAOUHSC_00502, new_503631_503726_1, SAOUHSC_00503, SAOUHSC_00504, SAOUHSC_00505, new_507717_507908_1, new_507910_508021_1, new_508023_508196_1, SAOUHSC_00507, SAOUHSC_00508, new_510630_511036_1, new_511038_511185_1, SAOUHSC_00509, new_512705_512985_1, new_512987_513062_1, SAOUHSC_00510",NC_007795,503125,513469,"SAOUHSC_00508,SAOUHSC_00505",NCTC8325_operons,"-,clpC"
1,TU-U219,"S172, radA, NA, S173, S174, gltX","new_508023_508196_1, SAOUHSC_00507, SAOUHSC_00508, new_510630_511036_1, new_511038_511185_1, SAOUHSC_00509",NC_007795,508023,512687,SAOUHSC_00508,NCTC8325_operons,-
1,TU-U220,"S174, gltX, S175, S176, cysE, cysS, NA, NA, NA, S177, sigH, S178, S179, secE, nusG, S180, rplK, S181, rplA, S182, S183, rplJ, rplL","new_511038_511185_1, SAOUHSC_00509, new_512705_512985_1, new_512987_513062_1, SAOUHSC_00510, SAOUHSC_00511, SAOUHSC_00512, SAOUHSC_00513, SAOUHSC_00514, new_516770_516849_1, SAOUHSC_00515, new_517420_517494_1, new_517496_517696_1, SAOUHSC_00516, SAOUHSC_00517, new_518477_518656_1, SAOUHSC_00518, new_519080_519286_1, SAOUHSC_00519, new_519980_520054_1, new_520056_520250_1, SAOUHSC_00520, SAOUHSC_00521",NC_007795,511038,521102,SAOUHSC_00517,NCTC8325_operons,nusG
1,TU-U221,"S175, S176, cysE, cysS, NA, NA, NA, S177, sigH, S178, S179, secE, nusG, S180, rplK, S181, rplA, S182","new_512705_512985_1, new_512987_513062_1, SAOUHSC_00510, SAOUHSC_00511, SAOUHSC_00512, SAOUHSC_00513, SAOUHSC_00514, new_516770_516849_1, SAOUHSC_00515, new_517420_517494_1, new_517496_517696_1, SAOUHSC_00516, SAOUHSC_00517, new_518477_518656_1, SAOUHSC_00518, new_519080_519286_1, SAOUHSC_00519, new_519980_520054_1",NC_007795,512705,520048,SAOUHSC_00517,NCTC8325_operons,nusG
1,TU-U227,"NA, S187, rpsL, rpsG, S188, fusA, S189, tuf","SAOUHSC_00526, new_529863_529959_1, SAOUHSC_00527, SAOUHSC_00528, new_530910_531031_1, SAOUHSC_00529, new_533114_533329_1, SAOUHSC_00530",NC_007795,529554,534549,U227,promoter,
1,TU-U228,NA,NA,NC_007795,-1,-1,U228,promoter,
1,TU-U232,hchA,SAOUHSC_00533,NC_007795,537543,538459,SAOUHSC_00533,NCTC8325_operons,hchA
1,TU-U233,NA,NA,NC_007795,-1,-1,U233,promoter,
1,TU-U240,sdrC,SAOUHSC_00544,NC_007795,547674,549968,SAOUHSC_00544,NCTC8325_operons,sdrC
1,TU-U244,"NA, NA, folE2","SAOUHSC_00551, SAOUHSC_00550, SAOUHSC_00549",NC_007795,560620,558646,SAOUHSC_00551,NCTC8325_operons,-
1,TU-U25,"NA, norC, S24","SAOUHSC_00057, SAOUHSC_00058, new_63773_63930_1",NC_007795,61153,63887,SAOUHSC_00058,NCTC8325_operons,norC
1,TU-U259,"NA",SAOUHSC_00569,NC_007795,572716,574499,SAOUHSC_00569,NCTC8325_operons,-
1,TU-U264,"S213, S214, mvaK1, mvaD, mvaK2, S215, NA","new_578936_579087_1, new_579089_579484_1, SAOUHSC_00577, SAOUHSC_00578, SAOUHSC_00579, new_582581_582658_1, SAOUHSC_00580",NC_007795,578936,582965,new_579089_579484_1,NCTC8325_operons,
1,TU-U265,"S214, mvaK1, mvaD, mvaK2, S215, NA","new_579089_579484_1, SAOUHSC_00577, SAOUHSC_00578, SAOUHSC_00579, new_582581_582658_1, SAOUHSC_00580",NC_007795,579089,582982,new_579089_579484_1,NCTC8325_operons,
1,TU-U274,"NA, NA, NA","SAOUHSC_00614, SAOUHSC_00615, SAOUHSC_00616",NC_007795,606017,608652,SAOUHSC_00614,NCTC8325_operons,-
1,TU-U283,"NA",SAOUHSC_00621,NC_007795,613605,612808,SAOUHSC_00621,NCTC8325_operons,-
1,TU-U29,"S26, NA, S27, S28, lctP1","new_70704_70772_1, SAOUHSC_00065, new_71247_71338_1, new_71340_71507_1, SAOUHSC_00067",NC_007795,70701,73118,new_71340_71507_1,NCTC8325_operons,
1,TU-U297,"S239, pbp4","new_635826_636047_-1, SAOUHSC_00646",NC_007795,636109,634534,SAOUHSC_00646,NCTC8325_operons,pbp4
1,TU-U30,"S28, lctP1","new_71340_71507_1, SAOUHSC_00067",NC_007795,71340,73135,new_71340_71507_1,NCTC8325_operons,
1,TU-U312,S254,new_659278_660399_1,NC_007795,659273,660383,new_659278_660399_1,NCTC8325_operons,
1,TU-U313,"S256, NA, S257, NA, S258, sarX","new_660401_660689_1, SAOUHSC_00672, new_661335_662030_1, SAOUHSC_00673, new_664182_664260_1, SAOUHSC_00674",NC_007795,660401,664650,new_661335_662030_1,NCTC8325_operons,
1,TU-U316,"NA, NA, NA, S259, NA, S260, NA, NA, NA, NA","SAOUHSC_00675, SAOUHSC_00676, SAOUHSC_00677, new_666312_666417_1, SAOUHSC_00678, new_667063_667177_1, SAOUHSC_00679, SAOUHSC_00680, SAOUHSC_00681, SAOUHSC_00682",NC_007795,664826,669920,new_667063_667177_1,NCTC8325_operons,
1,TU-U317,"S259, NA, S260, NA, NA, NA, NA","new_666312_666417_1, SAOUHSC_00678, new_667063_667177_1, SAOUHSC_00679, SAOUHSC_00680, SAOUHSC_00681, SAOUHSC_00682",NC_007795,666312,669937,new_667063_667177_1,NCTC8325_operons,
1,TU-U342,"S279, queC, queD, queE","new_704935_705180_-1, SAOUHSC_00721, SAOUHSC_00720, SAOUHSC_00719",NC_007795,705180,703078,U342,promoter,
1,TU-U343,"S282, ltaS","new_709734_710152_1, SAOUHSC_00728",NC_007795,709734,712080,SAOUHSC_00728,NCTC8325_operons,ltaS
1,TU-U352,"S290, S291, S292, nrdI, nrdE, S293, nrdF","new_726071_726375_1, new_726377_726637_1, new_726639_726780_1, SAOUHSC_00741, SAOUHSC_00742, new_729248_729364_1, SAOUHSC_00743",NC_007795,726073,730321,SAOUHSC_00742,NCTC8325_operons,nrdE
1,TU-U353,"S291, S292, nrdI, nrdE, S293, nrdF","new_726377_726637_1, new_726639_726780_1, SAOUHSC_00741, SAOUHSC_00742, new_729248_729364_1, SAOUHSC_00743",NC_007795,726377,730321,SAOUHSC_00742,NCTC8325_operons,nrdE
1,TU-U354,"S292, nrdI, nrdE, S293, nrdF","new_726639_726780_1, SAOUHSC_00741, SAOUHSC_00742, new_729248_729364_1, SAOUHSC_00743",NC_007795,726639,730321,SAOUHSC_00742,NCTC8325_operons,nrdE
1,TU-U356,"sstA, sstB, NA, S294, NA","SAOUHSC_00746, SAOUHSC_00747, SAOUHSC_00748, new_733717_733834_1, SAOUHSC_00749",NC_007795,730985,734860,"SAOUHSC_00749,SAOUHSC_00748",NCTC8325_operons,"sstD,sstC"
1,TU-U357,"murB, NA, S295","SAOUHSC_00752, SAOUHSC_00751, new_734943_735179_-1",NC_007795,736484,734970,new_734943_735179_-1,NCTC8325_operons,
1,TU-U364,"NA",SAOUHSC_00760,NC_007795,744107,743011,SAOUHSC_00760,NCTC8325_operons,
1,TU-U375,"uvrB2, uvrA","SAOUHSC_00779, SAOUHSC_00780",NC_007795,758668,762502,SAOUHSC_00780,NCTC8325_operons,uvrA
1,TU-U384,"S316, NA, S315, S314","new_774146_774310_-1, SAOUHSC_00792, new_773143_773242_-1, new_772830_773141_-1",NC_007795,774310,772863,SAOUHSC_00792,NCTC8325_operons,-
1,TU-U385,"S318, S316, NA, S315, S314","new_774312_774434_-1, new_774146_774310_-1, SAOUHSC_00792, new_773143_773242_-1, new_772830_773141_-1",NC_007795,774434,772982,SAOUHSC_00792,NCTC8325_operons,-
1,TU-U387,"S319, NA, S320","new_774645_774847_1, SAOUHSC_00793, new_775515_775877_1",NC_007795,774645,775864,SAOUHSC_00793,NCTC8325_operons,-
1,TU-U39,"NA, S34","SAOUHSC_00094, new_101055_101194_1",NC_007795,100415,101219,SAOUHSC_00094,NCTC8325_operons,sasD
1,TU-U391,"S327, NA, secG, S328, est, rnr, smpB","new_783585_783700_1, SAOUHSC_00800, SAOUHSC_00801, new_784460_784574_1, SAOUHSC_00802, SAOUHSC_00803, SAOUHSC_00804",NC_007795,783585,787917,SAOUHSC_00803,NCTC8325_operons,rnr
1,TU-U392,"secG, S328, est, rnr, smpB, S329","SAOUHSC_00801, new_784460_784574_1, SAOUHSC_00802, SAOUHSC_00803, SAOUHSC_00804, new_788284_788675_1",NC_007795,784186,788631,SAOUHSC_00803,NCTC8325_operons,rnr
1,TU-U396,"NA, S332, NA, S333","SAOUHSC_00810, new_792055_792192_1, SAOUHSC_00811, new_792724_792926_1",NC_007795,791458,792932,SAOUHSC_00810,NCTC8325_operons,-
1,TU-U426,"S353, sufC, S354, sufD, S355, sufS, sufU, S356, sufB, S357","new_817531_817631_1, SAOUHSC_00847, new_818394_818490_1, SAOUHSC_00848, new_819799_819903_1, SAOUHSC_00849, SAOUHSC_00850, new_821609_821758_1, SAOUHSC_00851, new_823157_823252_1",NC_007795,817531,823209,SAOUHSC_00848,NCTC8325_operons,sufD
1,TU-U433,"NA, NA, S359, NA, S360, NA, dltX, dltA, dltB, dltC, dltD","SAOUHSC_00864, SAOUHSC_00865, new_832704_832810_1, SAOUHSC_00866, new_833696_833948_1, SAOUHSC_00867, SAOUHSC_00868, SAOUHSC_00869, SAOUHSC_00870, SAOUHSC_00871, SAOUHSC_00872",NC_007795,831454,838356,SAOUHSC_00870,NCTC8325_operons,dltB
1,TU-U436,"S361, NA","new_840422_840574_-1, SAOUHSC_00875",NC_007795,840575,839367,SAOUHSC_00875,NCTC8325_operons,-
1,TU-U44,adhE,SAOUHSC_00113,NC_007795,116492,119188,U44,promoter,
1,TU-U446,NA,NA,NC_007795,856180,856146,U446,promoter,
1,TU-U453,"S371, NA, spsA, S372, spsB","new_866406_866515_1, SAOUHSC_00901, SAOUHSC_00902, new_867621_867743_1, SAOUHSC_00903",NC_007795,866404,868208,SAOUHSC_00902,NCTC8325_operons,spsA
1,TU-U454,"addB, addA, S373","SAOUHSC_00904, SAOUHSC_00905, new_875502_875622_1",NC_007795,868344,875620,SAOUHSC_00904,NCTC8325_operons,addB
1,TU-U46,"capA, capB, capC, capD, capE, capF, capG, capH, capI, capJ, capK, capL, capM, capN, capO, S38, capP","SAOUHSC_00114, SAOUHSC_00115, SAOUHSC_00116, SAOUHSC_00117, SAOUHSC_00118, SAOUHSC_00119, SAOUHSC_00120, SAOUHSC_00121, SAOUHSC_00122, SAOUHSC_00123, SAOUHSC_00124, SAOUHSC_00125, SAOUHSC_00126, SAOUHSC_00127, SAOUHSC_00128, new_134839_134914_1, SAOUHSC_00129",NC_007795,119439,136052,SAOUHSC_00129,NCTC8325_operons,capP
1,TU-U467,"S382, oppB, oppC, oppD, oppF, oppA","new_893929_894010_1, SAOUHSC_00923, SAOUHSC_00924, SAOUHSC_00925, SAOUHSC_00926, SAOUHSC_00927",NC_007795,893924,899709,SAOUHSC_00927,NCTC8325_operons,opp-3A
1,TU-U473,"S386, S387, mecA2","new_907401_907493_1, new_907495_907597_1, SAOUHSC_00935",NC_007795,907401,908328,SAOUHSC_00935,NCTC8325_operons,trfA
1,TU-U474,"S387, mecA2","new_907495_907597_1, SAOUHSC_00935",NC_007795,907495,908328,SAOUHSC_00935,NCTC8325_operons,trfA
1,TU-U480,"S393, fabI","new_919939_920030_1, SAOUHSC_00947",NC_007795,919939,920789,"U480,new_919939_920030_1","NCTC8325_operons,promoter",
1,TU-U491,"htrA, NA","SAOUHSC_00958, SAOUHSC_00959",NC_007795,933080,936735,SAOUHSC_00958,NCTC8325_operons,htrA2
1,TU-U498,"S402, NA","new_942141_942256_1, SAOUHSC_00966",NC_007795,942141,942311,new_942141_942256_1,NCTC8325_operons,
1,TU-U499,S401,new_941748_942863_-1,NC_007795,942878,941792,new_941748_942863_-1,NCTC8325_operons,
1,TU-U517,"S406, atl","new_967901_968090_-1, SAOUHSC_00994",NC_007795,968165,964079,U517,promoter,-
1,TU-U518,"NA, S406","SAOUHSC_00995, new_967901_968090_-1",NC_007795,968574,967921,SAOUHSC_00995,NCTC8325_operons,-
1,TU-U52,"NA, S46, fdh","SAOUHSC_00141, new_145805_145936_1, SAOUHSC_00142",NC_007795,145360,147000,SAOUHSC_00142,NCTC8325_operons,fdh
1,TU-U520,"S408, fmtA","new_970701_970865_1, SAOUHSC_00998",NC_007795,970665,972044,new_970701_970865_1,NCTC8325_operons,
1,TU-U521,"S408, fmtA","new_970701_970865_1, SAOUHSC_00998",NC_007795,970701,972044,new_970701_970865_1,NCTC8325_operons,
1,TU-U524,"S409, NA","new_977456_977537_-1, SAOUHSC_01005",NC_007795,977537,977135,SAOUHSC_01005,NCTC8325_operons,-
1,TU-U526,"S412, folD, S411, S410, S409, NA","new_979122_979277_-1, SAOUHSC_01007, new_977978_978260_-1, new_977539_977976_-1, new_977456_977537_-1, SAOUHSC_01005",NC_007795,979287,977135,SAOUHSC_01005,NCTC8325_operons,-
1,TU-U528,"S416, NA, NA, NA, S415","new_993611_993812_-1, SAOUHSC_01022, SAOUHSC_01021, SAOUHSC_01019, new_990714_990820_-1",NC_007795,993815,990752,SAOUHSC_01022,NCTC8325_operons,thiV
1,TU-U530,"S417, NA","new_994357_994448_1, SAOUHSC_01025",NC_007795,994352,995776,SAOUHSC_01025,NCTC8325_operons,-
1,TU-U532,"NA",SAOUHSC_01025,NC_007795,994450,995776,SAOUHSC_01025,NCTC8325_operons,-
1,TU-U533,"NA, S419, ptsH, ptsI","SAOUHSC_01027, new_997983_998121_1, SAOUHSC_01028, SAOUHSC_01029",NC_007795,997376,1000111,SAOUHSC_01027,NCTC8325_operons,-
1,TU-U536,"NA, S420","SAOUHSC_01030, new_1000162_1000345_-1",NC_007795,1000629,1000204,new_1000162_1000345_-1,NCTC8325_operons,
1,TU-U541,"S424, NA, S425","new_1007302_1007572_1, SAOUHSC_01039, new_1008248_1008342_1",NC_007795,1007304,1008339,new_1008248_1008342_1,NCTC8325_operons,
1,TU-U542,"S423, def","new_1007246_1007480_-1, SAOUHSC_01038",NC_007795,1007484,1006562,SAOUHSC_01038,NCTC8325_operons,def
1,TU-U543,"NA, S425","SAOUHSC_01039, new_1008248_1008342_1",NC_007795,1007574,1008339,new_1008248_1008342_1,NCTC8325_operons,
1,TU-U548,"NA",SAOUHSC_01050,NC_007795,1017693,1019287,SAOUHSC_01050,NCTC8325_operons,-
1,TU-U549,"NA",SAOUHSC_01050,NC_007795,1018239,1019287,SAOUHSC_01050,NCTC8325_operons,-
1,TU-U557,"NA, S433, S434, NA","SAOUHSC_01062, new_1026717_1026824_1, new_1026826_1027029_1, SAOUHSC_01063",NC_007795,1026394,1028314,new_1026717_1026824_1,NCTC8325_operons,
1,TU-U566,"NA, S441, NA","SAOUHSC_01073, new_1037954_1038448_-1, SAOUHSC_01071",NC_007795,1038879,1037060,SAOUHSC_01071,NCTC8325_operons,-
1,TU-U571,isdB,SAOUHSC_01079,NC_007795,1044229,1042211,SAOUHSC_01079,NCTC8325_operons,isdB
1,TU-U574,"isdC, isdD, isdE, isdF, NA, S447, srtB, isdG, NA, S448, S449, NA, S450, S451, pheS, pheT","SAOUHSC_01082, SAOUHSC_01084, SAOUHSC_01085, SAOUHSC_01086, SAOUHSC_01087, new_1049241_1049301_1, SAOUHSC_01088, SAOUHSC_01089, SAOUHSC_01090, new_1050523_1050614_1, new_1050616_1050761_1, SAOUHSC_01091, new_1051503_1051800_1, new_1051802_1051882_1, SAOUHSC_01092, SAOUHSC_01093",NC_007795,1045572,1055327,SAOUHSC_01093,NCTC8325_operons,pheT
1,TU-U575,"S449, NA, S450, S451, pheS, pheT","new_1050616_1050761_1, SAOUHSC_01091, new_1051503_1051800_1, new_1051802_1051882_1, SAOUHSC_01092, SAOUHSC_01093",NC_007795,1050616,1055327,SAOUHSC_01093,NCTC8325_operons,pheT
1,TU-U6,"NA, NA","SAOUHSC_00010, SAOUHSC_00012",NC_007795,14662,15777,U6,promoter,
1,TU-U602,"ftsA, ftsZ, S473, S474, NA, NA","SAOUHSC_01149, SAOUHSC_01150, new_1102834_1102959_1, new_1102961_1103159_1, SAOUHSC_01152, SAOUHSC_01153",NC_007795,1100099,1103947,SAOUHSC_01153,NCTC8325_operons,-
1,TU-U603,"S474, NA, NA","new_1102961_1103159_1, SAOUHSC_01152, SAOUHSC_01153",NC_007795,1102961,1103947,SAOUHSC_01153,NCTC8325_operons,-
1,TU-U609,"S481, pyrR, S482, pyrP, pyrB, pyrC, carA, carB, S483, pyrF, pyrE, NA, S484, NA, S485","new_1113382_1113561_1, SAOUHSC_01164, new_1114158_1114346_1, SAOUHSC_01165, SAOUHSC_01166, SAOUHSC_01168, SAOUHSC_01169, SAOUHSC_01170, new_1122124_1122232_1, SAOUHSC_01171, SAOUHSC_01172, SAOUHSC_01173, new_1123797_1124160_1, SAOUHSC_01174, new_1124617_1124840_1",NC_007795,1113382,1124789,SAOUHSC_01170,NCTC8325_operons,carB
1,TU-U614,"gmk, rpoZ","SAOUHSC_01176, SAOUHSC_01177",NC_007795,1126796,1127730,SAOUHSC_01176,NCTC8325_operons,gmk
1,TU-U616,"NA",SAOUHSC_01180,NC_007795,1131938,1133000,SAOUHSC_01180,NCTC8325_operons,-
1,TU-U62,"S52, NA, murQ, murP, NA, S53","new_169226_169308_1, SAOUHSC_00156, SAOUHSC_00157, SAOUHSC_00158, SAOUHSC_00160, new_173590_173751_1",NC_007795,169226,173724,SAOUHSC_00158,NCTC8325_operons,murP
1,TU-U620,"S489, rsgA, cfxE, thiN, S490","new_1140382_1140442_1, SAOUHSC_01188, SAOUHSC_01189, SAOUHSC_01190, new_1142594_1142700_1",NC_007795,1140382,1142656,SAOUHSC_01188,NCTC8325_operons,rsgA
1,TU-U625,"fapR, plsX, fabD, fabG, S494, S495, acpP, S496, rnc, S497, smc, ftsY, NA, ffh, S498","SAOUHSC_01196, SAOUHSC_01197, SAOUHSC_01198, SAOUHSC_01199, new_1151303_1151463_1, new_1151465_1151544_1, SAOUHSC_01201, new_1151798_1151893_1, SAOUHSC_01203, new_1152626_1152771_1, SAOUHSC_01204, SAOUHSC_01205, SAOUHSC_01206, SAOUHSC_01207, new_1159344_1159684_1",NC_007795,1148062,1159673,SAOUHSC_01206,NCTC8325_operons,-
1,TU-U626,"S495, acpP, S496, rnc, S497, smc, ftsY, NA, ffh, S498","new_1151465_1151544_1, SAOUHSC_01201, new_1151798_1151893_1, SAOUHSC_01203, new_1152626_1152771_1, SAOUHSC_01204, SAOUHSC_01205, SAOUHSC_01206, SAOUHSC_01207, new_1159344_1159684_1",NC_007795,1151465,1159673,SAOUHSC_01206,NCTC8325_operons,-
1,TU-U63,hsdR,SAOUHSC_00162,NC_007795,174239,177056,SAOUHSC_00162,NCTC8325_operons,hsdR
1,TU-U630,"NA",SAOUHSC_01213,NC_007795,1164885,1162163,SAOUHSC_01213,NCTC8325_operons,-
1,TU-U631,"S502, rbgA, rnhB, sucC, sucD","new_1165062_1165141_1, SAOUHSC_01214, SAOUHSC_01215, SAOUHSC_01216, SAOUHSC_01218",NC_007795,1165062,1168972,SAOUHSC_01218,NCTC8325_operons,sucD
1,TU-U632,"sucC, sucD","SAOUHSC_01216, SAOUHSC_01218",NC_007795,1166836,1168989,SAOUHSC_01218,NCTC8325_operons,sucD
1,TU-U634,"S503, topA, S504, gid","new_1172645_1172778_1, SAOUHSC_01222, new_1174894_1175048_1, SAOUHSC_01223",NC_007795,1172568,1176333,SAOUHSC_01223,NCTC8325_operons,gid
1,TU-U638,"S511, uppS, cdsA, S512, NA, proS","new_1184391_1184455_1, SAOUHSC_01237, SAOUHSC_01238, new_1186016_1186353_1, SAOUHSC_01239, SAOUHSC_01240",NC_007795,1184391,1189372,new_1186016_1186353_1,NCTC8325_operons,
1,TU-U641,"S515, rimP, nusA, NA, NA, infB","new_1194037_1194124_1, SAOUHSC_01242, SAOUHSC_01243, SAOUHSC_01244, SAOUHSC_01245, SAOUHSC_01246",NC_007795,1194037,1198552,"new_1194037_1194124_1,U641","NCTC8325_operons,promoter",
1,TU-U642,"S516, S517, rbfA, S518, truB","new_1198603_1198821_1, new_1198823_1198914_1, SAOUHSC_01247, new_1199318_1199433_1, SAOUHSC_01248",NC_007795,1198603,1200116,SAOUHSC_01247,NCTC8325_operons,rbfA
1,TU-U647,"NA",SAOUHSC_01254,NC_007795,1207435,1209177,SAOUHSC_01254,NCTC8325_operons,-
1,TU-U652,"NA, NA, NA","SAOUHSC_01265, SAOUHSC_01266, SAOUHSC_01267",NC_007795,1219826,1223406,SAOUHSC_01266,NCTC8325_operons,-
1,TU-U658,"NA, miaA, hfq, S536","SAOUHSC_01279, SAOUHSC_01280, SAOUHSC_01281, new_1238874_1239036_1",NC_007795,1236700,1238995,SAOUHSC_01279,NCTC8325_operons,-
1,TU-U660,"NA, NA","SAOUHSC_01283, SAOUHSC_01284",NC_007795,1239640,1242157,SAOUHSC_01283,NCTC8325_operons,hflX
1,TU-U675,"S549, hom, thrC, thrB, NA","new_1263324_1263418_1, SAOUHSC_01320, SAOUHSC_01321, SAOUHSC_01322, SAOUHSC_01323",NC_007795,1263324,1267538,"SAOUHSC_01322,new_1263324_1263418_1",NCTC8325_operons,thrB
1,TU-U676,"S548, NA","new_1263229_1263347_-1, SAOUHSC_01319",NC_007795,1263353,1261868,U676,promoter,
1,TU-U683,"rpsN, S553, guaC, S554, NA, S556","SAOUHSC_01329, new_1272507_1272595_1, SAOUHSC_01330, new_1273641_1273814_1, SAOUHSC_01332, new_1274679_1274830_1",NC_007795,1272188,1274780,SAOUHSC_01330,NCTC8325_operons,
1,TU-U690,"S560, NA, sbcD, sbcC, NA","new_1279186_1279278_1, SAOUHSC_01340, SAOUHSC_01341, SAOUHSC_01342, SAOUHSC_01343",NC_007795,1279186,1283977,SAOUHSC_01342,NCTC8325_operons,sbcC
1,TU-U693,"citB, S563, NA, S564","SAOUHSC_01347, new_1289903_1290045_1, SAOUHSC_01348, new_1290514_1290649_1",NC_007795,1287103,1291627,new_1289903_1290045_1,NCTC8325_operons,
1,TU-U696,"S567, parE, parC, S568, alsT","new_1292140_1292205_1, SAOUHSC_01351, SAOUHSC_01352, new_1296625_1296848_1, SAOUHSC_01354",NC_007795,1292140,1298325,SAOUHSC_01351,NCTC8325_operons,parE
1,TU-U698,"S569, glcT, NA, NA","new_1298606_1298808_1, SAOUHSC_01356, SAOUHSC_01357, SAOUHSC_01358",NC_007795,1298606,1300994,SAOUHSC_01358,NCTC8325_operons,cozEb
1,TU-U707,"NA, S576, S577","SAOUHSC_01365, new_1309987_1310160_1, new_1310162_1310400_1",NC_007795,1308882,1310361,U707,promoter,
1,TU-U726,"acyP, NA, NA, S589","SAOUHSC_01406, SAOUHSC_01407, SAOUHSC_01408, new_1348845_1348947_1",NC_007795,1346724,1348900,SAOUHSC_01407,NCTC8325_operons,xpaC
1,TU-U728,"NA, NA, S591, NA, NA, S590, braB","SAOUHSC_01415, SAOUHSC_01414, new_1354169_1354295_-1, SAOUHSC_01413, SAOUHSC_01412, new_1351239_1351423_-1, SAOUHSC_01411",NC_007795,1355385,1349877,SAOUHSC_01411,NCTC8325_operons,brnQ3
1,TU-U730,"S595, arlR, arlS, S594","new_1362293_1362553_-1, SAOUHSC_01420, SAOUHSC_01419, new_1360103_1360280_-1",NC_007795,1362613,1360145,U730,promoter,
1,TU-U737,"thyA, S600, dfrA, NA, msrA2, msrB, crr, NA","SAOUHSC_01435, new_1370490_1370688_-1, SAOUHSC_01434, SAOUHSC_01433, SAOUHSC_01432, SAOUHSC_01431, SAOUHSC_01430, SAOUHSC_01429",NC_007795,1371696,1367404,SAOUHSC_01433,NCTC8325_operons,fakB2
1,TU-U748,"NA, NA, gpsB, S611, S610, NA, S609, NA","SAOUHSC_01464, SAOUHSC_01463, SAOUHSC_01462, new_1418650_1419124_-1, new_1418475_1418648_-1, SAOUHSC_01460, new_1417246_1417328_-1, SAOUHSC_01459",NC_007795,1420426,1416925,SAOUHSC_01462,NCTC8325_operons,gpsB
1,TU-U75,"NA",SAOUHSC_00190,NC_007795,209236,209339,SAOUHSC_00190,NCTC8325_operons,-
1,TU-U752,asnC,SAOUHSC_01471,NC_007795,1427650,1426292,SAOUHSC_01471,NCTC8325_operons,asnC
1,TU-U754,"NA, S614, NA, S613, papS, birA, dinG, asnC","SAOUHSC_01476, new_1433949_1434188_-1, SAOUHSC_01475, new_1432700_1432805_-1, SAOUHSC_01474, SAOUHSC_01473, SAOUHSC_01472, SAOUHSC_01471",NC_007795,1434553,1426309,SAOUHSC_01471,NCTC8325_operons,asnC
1,TU-U782,"S637, NA, NA, S636","new_1511430_1511530_-1, SAOUHSC_01584, SAOUHSC_01583, new_1508170_1508539_-1",NC_007795,1511531,1508198,SAOUHSC_01583,NCTC8325_operons,
1,TU-U784,"scpA, scpB, rluB, S638, srrA, srrB","SAOUHSC_01589, SAOUHSC_01588, SAOUHSC_01587, new_1514192_1514323_-1, SAOUHSC_01586, SAOUHSC_01585",NC_007795,1516380,1511734,"SAOUHSC_01589,SAOUHSC_01587",NCTC8325_operons,"scpA,rluB"
1,TU-U788,"S639, proC","new_1521337_1521424_1, SAOUHSC_01597",NC_007795,1521337,1522198,SAOUHSC_01597,NCTC8325_operons,proC
1,TU-U793,"malR, malA","SAOUHSC_01602, SAOUHSC_01601",NC_007795,1528953,1526269,"SAOUHSC_01602,SAOUHSC_01601",NCTC8325_operons,"malR,malA"
1,TU-U795,"S643, NA, gnd","new_1532287_1532432_-1, SAOUHSC_01606, SAOUHSC_01605",NC_007795,1532432,1529686,SAOUHSC_01606,NCTC8325_operons,-
1,TU-U814,"znuC, znuB, zur","SAOUHSC_01657, SAOUHSC_01656, SAOUHSC_01655",NC_007795,1570095,1568021,SAOUHSC_01655,NCTC8325_operons,zur
1,TU-U815,"NA, nfo, S654, znuC, znuB, zur","SAOUHSC_01659, SAOUHSC_01658, new_1570102_1570204_-1, SAOUHSC_01657, SAOUHSC_01656, SAOUHSC_01655",NC_007795,1572509,1568021,"SAOUHSC_01658,SAOUHSC_01655",NCTC8325_operons,zur
1,TU-U816,"dnaG, S656, sigA, NA, NA, S655, NA, nfo, S654, znuC, znuB, zur","SAOUHSC_01663, new_1575605_1575827_-1, SAOUHSC_01662, SAOUHSC_01661, SAOUHSC_01660, new_1572511_1572586_-1, SAOUHSC_01659, SAOUHSC_01658, new_1570102_1570204_-1, SAOUHSC_01657, SAOUHSC_01656, SAOUHSC_01655",NC_007795,1577660,1568123,"SAOUHSC_01658,SAOUHSC_01655",NCTC8325_operons,zur
1,TU-U833,"pfs, NA, NA, aroE, NA, nadD, NA, rsfS, NA","SAOUHSC_01702, SAOUHSC_01701, SAOUHSC_01700, SAOUHSC_01699, SAOUHSC_01698, SAOUHSC_01697, SAOUHSC_01696, SAOUHSC_01695, SAOUHSC_01694",NC_007795,1610628,1604928,SAOUHSC_01695,NCTC8325_operons,rsfS
1,TU-U834,"NA",SAOUHSC_01704,NC_007795,1610855,1611193,U834,promoter,
1,TU-U839,"S678, S677, alaS, NA, NA, NA","new_1628019_1628209_-1, new_1627890_1628017_-1, SAOUHSC_01722, SAOUHSC_01721, SAOUHSC_01720, SAOUHSC_01719",NC_007795,1628209,1624087,SAOUHSC_01722,NCTC8325_operons,alaS
1,TU-U840,"NA, NA, S678, S677, alaS, NA, NA, NA","SAOUHSC_01724, SAOUHSC_01723, new_1628019_1628209_-1, new_1627890_1628017_-1, SAOUHSC_01722, SAOUHSC_01721, SAOUHSC_01720, SAOUHSC_01719",NC_007795,1631408,1624206,SAOUHSC_01722,NCTC8325_operons,alaS
1,TU-U841,"S680, NA, mnmA, mnmA, S679, NA, NA, S678, S677, alaS, NA, NA, NA","new_1634102_1634199_-1, SAOUHSC_01727, SAOUHSC_01726, SAOUHSC_01725, new_1631410_1631840_-1, SAOUHSC_01724, SAOUHSC_01723, new_1628019_1628209_-1, new_1627890_1628017_-1, SAOUHSC_01722, SAOUHSC_01721, SAOUHSC_01720, SAOUHSC_01719",NC_007795,1634199,1624087,SAOUHSC_01722,NCTC8325_operons,alaS
1,TU-U867,S697,new_1668346_1668491_-1,NC_007795,1668491,1668389,U867,promoter,
1,TU-U869,"S698, S697, valS, folC","new_1668493_1668668_-1, new_1668346_1668491_-1, SAOUHSC_01767, SAOUHSC_01766",NC_007795,1668668,1664394,new_1668493_1668668_-1,NCTC8325_operons,
1,TU-U87,"S73, ispD, NA, S74, NA, S75","new_239650_239968_1, SAOUHSC_00220, SAOUHSC_00221, new_241662_241835_1, SAOUHSC_00222, new_243378_243605_1",NC_007795,239651,243560,SAOUHSC_00222,NCTC8325_operons,tarL'
1,TU-U880,"S709, NA, S708, thrS, S707, S706, lysP, S705","new_1688014_1688084_-1, SAOUHSC_01789, new_1687694_1687846_-1, SAOUHSC_01788, new_1685672_1685755_-1, new_1685441_1685670_-1, SAOUHSC_01787, new_1683663_1683774_-1",NC_007795,1688084,1683672,SAOUHSC_01788,NCTC8325_operons,thrS
1,TU-U881,"nrdR, dnaB, dnaI, S709, NA, S708, thrS, S707","SAOUHSC_01793, SAOUHSC_01792, SAOUHSC_01791, new_1688014_1688084_-1, SAOUHSC_01789, new_1687694_1687846_-1, SAOUHSC_01788, new_1685672_1685755_-1",NC_007795,1690940,1685678,SAOUHSC_01788,NCTC8325_operons,thrS
1,TU-U884,"polA, fpg, coaE","SAOUHSC_01797, SAOUHSC_01796, SAOUHSC_01795",NC_007795,1696495,1692308,SAOUHSC_01797,NCTC8325_operons,polA
1,TU-U887,"S712, citZ, citC, S711, phoP, phoR","new_1703669_1703987_-1, SAOUHSC_01802, SAOUHSC_01801, new_1701140_1701460_-1, SAOUHSC_01800, SAOUHSC_01799",NC_007795,1703987,1698785,SAOUHSC_01802,NCTC8325_operons,citZ
1,TU-U897,ald2,SAOUHSC_01818,NC_007795,1724675,1723469,SAOUHSC_01818,NCTC8325_operons,ald2
1,TU-U899,ackA,SAOUHSC_01820,NC_007795,1726801,1725560,SAOUHSC_01820,NCTC8325_operons,ackA
1,TU-U907,"NA, serA","SAOUHSC_01832, SAOUHSC_01833",NC_007795,1736739,1739526,SAOUHSC_01832,NCTC8325_operons,-
1,TU-U909,"NA, S726, ptaA","SAOUHSC_01837, new_1742383_1742509_-1, SAOUHSC_01836",NC_007795,1743171,1740928,SAOUHSC_01836,NCTC8325_operons,ptaA
1,TU-U913,sgtA,SAOUHSC_01840,NC_007795,1746274,1747244,SAOUHSC_01840,NCTC8325_operons,sgtA
1,TU-U920,"S732, aroA","new_1758967_1759271_-1, SAOUHSC_01852",NC_007795,1759271,1757826,SAOUHSC_01852,NCTC8325_operons,aroA2
1,TU-U926,"NA, NA, NA, NA, NA, murC, NA","SAOUHSC_01861, SAOUHSC_01860, SAOUHSC_01859, SAOUHSC_01858, SAOUHSC_01857, SAOUHSC_01856, SAOUHSC_01855",NC_007795,1770070,1761226,SAOUHSC_01857,NCTC8325_operons,ftsK
1,TU-U927,"NA",SAOUHSC_01863,NC_007795,1770077,1770466,SAOUHSC_01863,NCTC8325_operons,-
1,TU-U934,"NA",SAOUHSC_01872,NC_007795,1780144,1781448,SAOUHSC_01872,NCTC8325_operons,-
1,TU-U935,NA,NA,NC_007795,-1,-1,U935,promoter,-
1,TU-U937,"NA, S740, leuS","SAOUHSC_01876, new_1791236_1791469_-1, SAOUHSC_01875",NC_007795,1792753,1791044,SAOUHSC_01876,NCTC8325_operons,-
1,TU-U945,"arsR, arsB, arsC, S745","SAOUHSC_01891, SAOUHSC_01893, SAOUHSC_01894, new_1806488_1806705_1",NC_007795,1804432,1806676,SAOUHSC_01894,NCTC8325_operons,arsC
1,TU-U959,"S760, NA, S761, NA","new_1826578_1826666_1, SAOUHSC_01918, new_1827318_1827397_1, SAOUHSC_01919",NC_007795,1826578,1828385,SAOUHSC_01919,NCTC8325_operons,-
1,TU-U96,rbsU,SAOUHSC_00241,NC_007795,262183,261503,SAOUHSC_00241,NCTC8325_operons,rbsU
1,TU-U986,"S785, NA, NA, cbf1","new_1881393_1881620_-1, SAOUHSC_01975, SAOUHSC_01974, SAOUHSC_01973",NC_007795,1881622,1876333,SAOUHSC_01974,NCTC8325_operons,-
1,TU-U99,"S81, NA, S80","new_266202_266310_-1, SAOUHSC_00246, new_264705_264824_-1",NC_007795,266310,264750,SAOUHSC_00246,NCTC8325_operons,-
