"total_conv_events","conv_summary","feature_type","FEATURE_ID","NCTC8325_chrom","START_promoter","END_promoter","promoter_seq","MUTATION","all_mutations"
5,"PI:2,mortality:3","promoter","U1327","NC_007795",2502736,2502837,"actaaaaaaaactttacttaagccttaatattgcgtgaaatataataaataAATGATATAATATGATGGTcgcctaacatctcgggcgttactttaacgca","G:33 GT:0/G:50 GT:0","G:33 GT:0/G:50 GT:0,G:33 GT:0/G:33 GT:0/G:33 GT:0/T:34 TA:0/G:33 GT:0/G:33 GT:0/G:33 GT:0/G:33 GT:0/G:33 GT:0/GT:18 G:0/TA:18 T:0/G:104 T:0"
5,"PI:2,mortality:3","promoter","U1327","NC_007795",2502736,2502837,"actaaaaaaaactttacttaagccttaatattgcgtgaaatataataaataAATGATATAATATGATGGTcgcctaacatctcgggcgttactttaacgca","G:33 GT:0/G:33 GT:0/G:33 GT:0/T:34 TA:0/G:33 GT:0/G:33 GT:0/G:33 GT:0/G:33 GT:0/G:33 GT:0/GT:18 G:0/TA:18 T:0/G:104 T:0","G:33 GT:0/G:50 GT:0,G:33 GT:0/G:33 GT:0/G:33 GT:0/T:34 TA:0/G:33 GT:0/G:33 GT:0/G:33 GT:0/G:33 GT:0/G:33 GT:0/GT:18 G:0/TA:18 T:0/G:104 T:0"
2,"PI:2","promoter","U1326","NC_007795",2502102,2502203,"catcatatattagttgataacgattatcaatgtcgcgtggatttgtgacacatttcttttaaaaattcacaaggttatggggcagaaatgataaagagcca","T:151 G:0/A:90 G:0","T:151 G:0/A:90 G:0"
2,"PI:2","promoter","U400","NC_007795",795846,795947,"aaatatattgtttgaatataattaataattaattcatcaacagtTAATTATtttaaaaaggtagaTGTTATATAATTTGGCTTGGcgaaaaaatagggtgt","G:15 A:0/G:22 A:0","G:15 A:0/G:22 A:0"
2,"PI:2","promoter","U401","NC_007795",795880,795981,"catcaacagttaattattttaaaaaggtagatgttatataatttgGCTTGgcgaaaaaatagggtgTAAGGTAGGTTGTTAattagggaaaattaaggaga","G:15 A:0/G:22 A:0","G:15 A:0/G:22 A:0"
2,"PI:2","promoter","U572","NC_007795",1045459,1045560,"tgtcaatatttattttataatcaatttaTTATTGTTATacgaaaatagaTGTGCTAGTATAATTGATAAccattatcaattgcaatggttaatcatctcat","C:47 T:0/T:20 C:0/T:20 C:0","C:47 T:0/T:20 C:0/T:20 C:0"
2,"PI:2","sRNA","USA300_FPR3757_srn_0280_sRNA16",NA,NA,NA,NA,"A:193 C:0/G:60 A:0","A:193 C:0/G:60 A:0"
2,"PI:2","sRNA","USA300_FPR3757_srn_0410_sRNA25",NA,NA,NA,NA,"T:228 C:2/C:205 CTAATAAAGATT:0","T:228 C:2/C:205 CTAATAAAGATT:0"
2,"PI:2","sRNA","USA300_FPR3757_srn_1220_sRNA107",NA,NA,NA,NA,"T:94 C:0/T:92 C:0","T:94 C:0/T:92 C:0"
2,"GC:2","promoter","U1282","NC_007795",2432851,2432952,"cttttttttatggatcattaatgaaagaagtttgacattaTAATAatggtagcgcttTATGTTAAAATGAATAGTGagtaatcagcaatcaaattaaattg","T:16 TA:0/C:31 CT:0","T:16 TA:0/C:31 CT:0"
2,"mortality:2","promoter","U1100","NC_007795",2101967,2102068,"gtgtggcacattttattccaaaagatgtaataaaacttaacgcaTTTTTGCTTTttataaattgtCAGATTATTATGAAAAAAAGggagtggtaagtatga","CT:53 C:0/CT:53 C:0/CT:34 C:1","CT:53 C:0/CT:53 C:0/CT:34 C:1"
2,"mortality:2","promoter","U523","NC_007795",976580,976681,"tcaacatttttgatacaattttattaatttttttcccataagCCCTTGTAAAtattgtgtaaTAACTTAAAATTAATGTTAAgccctacatttgtagtatt","T:15 C:0/A:15 G:0/A:35 AT:0","T:15 C:0/A:15 G:0/A:35 AT:0"
2,"mortality:2","sRNA","USA300_FPR3757_srn_2130_rsaE",NA,NA,NA,NA,"C:25 A:0/C:25 A:0/G:52 GT:0","C:25 A:0/C:25 A:0/G:52 GT:0"
2,"mortality:2","sRNA","USA300_FPR3757_srn_4710_Teg34",NA,NA,NA,NA,"A:31 C:0/A:31 C:0/CT:170 C:0","A:31 C:0/A:31 C:0/CT:170 C:0"
