total_conv_events,conv_summary,neb_mutant_id,cdhit_group,pan_gene_symbol,neb_gene,neb_locus_tag,neb_product,product_prokka,nebraska_aa_seq,plate384,Well384,Gene.name,gene.discription,Accession.Number,Row384,Column384,Comment,all_mutations
12,"mortality:3,PI:9",NE1532,1136,agrA,agrA,SAUSA300_1992,accessory gene regulator protein A,"Accessory gene regulator protein A,Accessory gene regulator protein A",MEIALATDNPYEVLEQAKNMNDIGCYFLDIQLSTDINGIKLGSEIRKHDPVGNIIFVTSHSELTYLTFVYKVAAMDFIFKDDPAELRTRIIDCLETAHTRLQLLSKDNSVETIELKRGSNSVYVQYDDIMFFESSTKSHRLIAHLDNRQIEFYGNLKELSQLDDRFFRCHNSFVVNRHNIESIDSKERIVYFKNKEHCYASVRNVKKI*,4,P16,agrA,accessory gene regulator protein A,SAUSA300_1992,P,16,,"I26T, Y238fs, M88T, K7E,F197fs, Q132*, R207H, A127fs, S168F, I238fs, T88M, E7K, I26T"
9,"PI:3,mortality:4,GC:2",NE873,514,agrC,agrC,SAUSA300_1991,accessory gene regulator protein C,"hypothetical protein,hypothetical protein,hypothetical protein",MILMFTIPAIISGIKYSKLDYFFIIVISTLSLFLFKMFDSASLIILTSFIIIMYFVKIKWYSILLIMTSQIILYCANYMYIVIYAYITKISDSIFVIFPSFFVVYVTISILFSYIINRVLKKISTPYLILNKGFLIVISTILLLTFSLFFFYSQINSDEAKVIRQYSFIFIGITIFLSILTFVISQFLLKEMKYKRNQEEIETYYEYTLKIEAINNEMRKFRHDYVNILTTLSEYIREDDMPGLRDYFNKNIVPMKDNLQMNAIKLNGIENLKVREIKGLITAKILRAQEMNFPISIEIPDEVSSINLNMIDLSRSIGIILDNAIEASTEIDDPIIRVAFIESENSVTFIVMNKCADDIPRIHELFQESFSTKGEGRGLGLSTLKEIADNADNVLLDTIIENGFFIQKVEIINN*,3,B17,agrC,accessory gene regulator protein C,SAUSA300_1991,B,17,,"G310fs, C91R, F165L,I139fs, I45fs, V392fs, D284G, L225*, I138K,R91C, L225*"
8,"PI:4,mortality:4",NE1,1,ebh,SAUSA300_1327,SAUSA300_1327,cell surface protein,"Extracellular matrix-binding protein ebh,Extracellular matrix-binding protein ebh",VNYRDKIQKFSIRKYTVGTFSTVIATLVFLGFNTSQAHAAETNQPASVVKQKQQSNNEQTENRESQVQNSQNSQNGQSLSATHENEQPNISQANLVDQKVAQSSTTNDEQPASQNVNTKKDSATAATTQPDKEQSKHKQNESQSANKNGNDNRAAHVENHEANVVTASDSSDNGNVQHDRNELQAFFDANYHDYRFIDRENADSGTFNYVKGIFDKINTLLGSNDPINNKDLQLAYKELEQAVALIRTMPQRQQTSRRSNRIQTRSVESRAAEPRSVSDYQNANSSYYVENANDGSGYPVGTYINASSKGAPYNLPTTPWNTLKASDSKEIALMTAKQTGDGYQWVIKFNKGHAPHQNMIFWFALPADQVPVGRTDFVTVNSDGTNVQWSHGAGAGANKPLQQMWEYGVNDPHRSHDFKIRNRSGQVIYDWPTVHIYSLEDLSRASDYFSEAGATPATKAFGRQNFEYINGQKPAESPGVPKVYTFIGQGDASYTISFKTQGPTVNKLYYAAGGRALEYNQLFMYSQLYVESTQDHQQRLNGLRQVVNRTYRIGTTKRVEVSQGNVQTKKVLESTNLNIDDFVDDPLSYVKTPSNKVLGFYSNNANTNAFRPGGAQQLNEYQLSQLFTDQKLQEAARTRNPIRLMIGFDYPDAYGNSETLVPVNLTVLPEIQHNIKFFKNDDTQNIAEKPFSKQAGHPVFYVYAGNQGNASVNLGGSVTSIQPLRINLTSNENFTDKDWQITGIPRTLHIENSTNRPNNARERNIELVGNLLPGDYFGTIRFGRKEQLFEIRVKPHTPTITTTAEQLRGTALQKVPVNISGIPLDPSALVYLVAPTNQTTNGGSEADQIPSGYTILATGTPDGVHNTITIRPQDYVVFIPPVGKQIRAVVYYNKVVASNMSNAVTILPDDIPPTINNPVGINAKYYRGDEVNFTMGVSDRHSGIKNTTITTLPNGWTSNLTKADKNNGSLSITGRVSMNQAFNSDITFKVSATDNVNNTTNDSQSKHVSIHVGKISEDAHPIVLGNTEKVVVVNPTAVSNDEKQSIITAFMNKNQNIRGYLASTDPVTVDNNGNVTLHYRDGSSTTLDATNVMTYEPVVKPEYQTVNAAKTATVTIAKGQSFSIGDIKQYFTLSNGQPIPSGTFTNITSDRTIPTAQEVSQMNAGTQLYHITATNAYHKDSEDFYISLKIIDVKQPEGDQRVYRTSTYDLTTDEISKVKQAFINANRDVITLAEGDISVTNTPNGANVSTITVNINKGRLTKSFASNLANMNFLRWVNFPQDYTVTWTNAKIANRPTDGGLSWSDDHKSLIYRYDATLGTQITTNDILTMLKATTTVPGLRNNITGNEKSQAEAGGRPNFRTTGYSQSNATTDGQRQFTLNGQVIQVLDIINPSNGYGGQPVTNSNTRANHSNSTVVNVNEPAANGAGAFTIDHVVKSNSTHNASDAVYKAQLYLTPYGPKQYVEHLNQNTGNTTDAINIYFVPSDLVNPTISVGNYTNHQVFSGETFTNTITANDNFGVQSVTVPNTSQITGTVDNNHQHVSATAPNVTSATNKTINLLATDTSGNTATTSFNVTVKPLRDKYRVGTSSTAANPVRIANISNNATVSQADQTTIINSLTFTETVPNRSYARASANEITSKTVSNVSRTGNNANVTVTVTYQDGTTSTVTVPVKHVIPEIVAHSHYTVQGQDFPAGNGSSASDYFKLSNGSDIADATITWVSGQAPNKDNTRIGEDITVTAHILIDGETTPITKTATYKVVRTVPKHVFETARGVLYPGVSDMYDAKQYVKPVNNSWSTNAQHMNFQFVGTYGPNKDVVGISTRLIRVTYDNRQTEDLTILSKVKPDPPRIDANSVTYKAGLTNQEIKVNNVLNNSSVKLFKADNTPLNVTNITHGSGFSSVVTVSDALPNGGIKAKSSISMNNVTYTTQDEHGQVVTVTRNESVDSNDSATVTVTPQLQATTEGAVFIKGGDGFDFGHVERFIQNPPHGATVAWHDSPDTWKNTVGNTHKTAVVTLPNGQGTRNVEVPVKVYPVANAKAPSRDVKGQNLTNGTDAMNYITFDPNTNTNGITAAWANRQQPNNQQAGVQHLNVDVTYPGISAAKRVPVTVNVYQFEFPQTTYTTTVGGTLASGTQASGYAHMQNATGLPTDGFTYKWNRDTTGTNDANWSAMNKPNVAKVVNAKYDVIYNGHTFATSLPAKFVVKDVQPAKPTVTETAAGAITIAPGANQTVNTHAGNVTTYADKLVIKRNGNVVTTFTRRNNTSPWVKEASAATVAGIAGTNNGITVAAGTFNPADTIQVVATQGSGETVSDEQRSDDFTVVAPQPNQATTKIWQNGHIDITPNNPSGHLINPTQAMDIAYTEKVGNGAEHSKTINVVRGQNNQWTIANKPDYVTLDAQTGKVTFNANTIKPNSSITITPKAGTGHSVSSNPSTLTAPAAHTVNTTEIVKDYGSNVTAAEINNAVQVANKRTATIKNGTAMPTNLAGGSTTTIPVTVTYNDGSTEEVQESIFTKADKRELITAKNHLDDPVSTEGKKPGTITQYNNAMHNAQQQINTAKTEAQQVINNERATPQQVSDALTKVRAAQTKIDQAKALLQNKEDNSQLVTSKNNLQSSVNQVPSTAGMTQQSIDNYNAKKREAETEITAAQRVIDNGDATAQQISDEKHRVDNALTALNQAKHDLTADTHALEQAVQQLNRTGTTTGKKPASITAYNNSIRALQSDLTSAKNSANAIIQKPIRTVQEVQSALTNVNRVNERLTQAINQLVPLADNSALKTAKTKLDEEINKSVTTDGMTQSSIQAYENAKRAGQTESTNAQNVINNGDATDQQIAAEKTKVEEKYNSLKQAIAGLTPDLAPLQTAKTQLQNDIDQPTSTTGMTSASIAAFNEKLSAARTKIQEIDRVLASHPDVATIRQNVTAANAAKSALDQARNGLTVDKAPLENAKNQLQHSIDTQTSTTGMTQDSINAYNAKLTAARNKIQQINQVLAGSPTVEQINTNTSTANQAKSDLDHARQALTPDKAPLQTAKTQLEQSINQPTDTTGMTTASLNAYNQKLQAARQKLTEINQVLNGNPTVQNINDKVTEANQAKDQLNTARQGLTLDRQPALTTLHGASNLNQAQQNNFTQQINAAQNHAALETIKSNITALNTAMTKLKDSVADNNTIKSDQNYTDATPANKQAYDNAVNAAKGVIGETTNPTMDVNTVNQKAASVKSTKDALDGQQNLQRAKTEATNAITHASDLNQAQKNALTQQVNSAQNVQAVNDIKQTTQSLNTAMTGLKRGVANHNQVVQSDNYVNADTNKKNDYNNAYNHANDIINGNAQHPVITPSDVNNALSNVTSKEHALNGEAKLNAAKQEANTALGHLNNLNNAQRQNLQSQINGAHQIDAVNTIKQNATNLNSAMGNLRQAVADKDQVKRTEDYADADTAKQNAYNSAVSSAETIINQTTNPTMSVDDVNRATSAVTSNKNALNGYEKLAQSKTDAARAIDALPHLNNAQKADVKSKINAASNIAGVNTVKQQGTDLNTAMGNLQGAINDEQTTLNSQNYQDATPSKKTAYTNAVQAAKDILNKSNGQNKTKDQVTEAMNQVNSAKNNLDGTRLLDQAKQTAKQQLNNMTHLTTAQKTNLTNQINSGTTVAGVQTVQSNANTLDQAMNTLRQSIANKDATKASEDYVDANNDKQTAYNNAVAAAETIINANSNPEMNPSTITQKAEQVNSSKTALNGDENLAAAKQNAKTYLNTLTSITDAQKNNLISQITSATRVSGVDTVKQNAQHLDQAMASLQNGINNESQVKSSEKYRDADTNKQQEYDNAITAAKAILNKSTGPNTAQNAVEAALQRVNNAKDALNGDAKLIAAQNAAKQHLGTLTHITTAQRNDLTNQISQATNLAGVESVKQNANSLDGAMGNLQTAINDKSGTLASQNFLDADEQKRNAYNQAVSAAETILNKQTGPNTAKTAVEQALNNVNNAKHALNGTQNLNNAKQAAITAINGASDLNQKQKDALKAQANGAQRVSNAQDVQHNATELNTAMGTLKHAIADKTNTLASSKYVNADSTKQNAYTTKVTNAEHIISGTPTVVTTPSEVTAAANQVNSAKQELNGDERLREAKQNANTAIDALTQLNTPQKAKLKEQVGQANRLEDVQTVQTNGQALNNAMKGLRDSIANETTVKTSQNYTDASPNNQSTYNSAVSNAKGIINQTNNPTMDTSAITQATTQVNNAKNGLNGAENLRNAQNTAKQNLNTLSHLTNNQKSAISSQIDRAGHVSEVTATKNAATELNTQMGNLEQAIHDQNTVKQSVKFTDADKAKRDAYTNAVSRAEAILNKTQGANTSKQDVEAAIQNVSSAKNALNGDQNVTNAKNAAKNALNNLTSINNAQKRDLTTKIDQATTVAGVEAVSNTSTQLNTAMANLQNGINDKTNTLASENYHDADSDKKTAYTQAVTNAENILNKNSGSNLDKTAVENALSQVANAKGALNGNHNLEQAKSNANTTINGLQHLTTAQKDKLKQQVQQAQNVAGVDTVKSSANTLNGAMGTLRNSIQDNTATKNGQNYLDATERNKTNYNNAVDSANGVINATSNPNMDANAINQIATQVTSTKNALDGTHNLTQAKQTATNAIDGATNLNKAQKDALKAQVTSAQRVANVTSIQQTANELNTAMGQLQHGIDDENATKQTQKYRDAEQSKKTAYDQAVAAAKAILNKQTGSNSDKAAVDRALQQVTSTKDALNGDAKLAEAKAAAKQNLGTLNHITNAQRTDLEGQINQATTVDGVNTVKTNANTLDGAMNSLQGSINDKDATLRNQNYLDADESKRNAYTQAVTAAEGILNKQTGGNTSKADVDNALNAVTRAKAALNGADNLRNAKTSATNTIDGLPNLTQLQKDNLKHQVEQAQNVAGVNGVKDKGNTLNTAMGALRTSIQNDNTTKTSQNYLDASDSNKNNYNTAVNNANGVINATNNPNMDANAINGMANQVNTTKAALNGAQNLAQAKTNATNTINNAHDLNQKQKDALKTQVNNAQRVSDANNVQHTATELNSAMTALKAAIADKERTKASGNYVNADQEKRQAYDSKVTNAENIISGTPNATLTVNDVNSAASQVNAAKTALNGDNNLRVAKEHANNTIDGLAQLNNAQKAKLKEQVQSATTLDGVQTVKNSSQTLNTAMKGLRDSIANEATIKAGQNYTDASPNNRNEYDSAVTAAKAIINQTSNPTMEPNTITQVTSQVTTKEQALNGARNLAQAKTTAKNNLNNLTSINNAQKDALTRSIDGATTVAGVNQETAKATELNNAMHSLQNGINDETQTKQTQKYLDAEPSKKSAYDQAVNAAKAILTKASGQNVDKAAVEQALQNVNSTKTALNGDAKLNEAKAAAKQTLGTLTHINNAQRTALDNEITQATNVEGVNTVKAKAQQLDGAMGQLETSIRDKDTTLQSQNYQDADDAKRTAYSQAVNAAATILNKTAGGNTPKADVERAMQAVTQANTALNGIQNLDRAKQAANTAITNASDLNTKQKEALKAQVTSAGRVSAANGVEHTATELNTAMTALKRAIADKAETKASGNYVNADANKRQAYDEKVTAAENIVSGTPTPTLTPADVTNAATQVTNAKTQLNGNHNLEVAKQNANTAIDGLTSLNGPQKAKLKEQVGQATTLPNVQTVRDNAQTLNTAMKGLRDSIANEATIKAGQNYTDASQNKQTDYNSAVTAAKAIIGQTTSPSMNAQEINQAKDQVTAKQQALNGQENLRTAQTNAKQHLNGLSDLTDAQKDAVKRQIEGATHVNEVTQAQNNADALNTAMTNLKNGIQDQNTIKQGVNFTDADEAKRNAYTNAVTQAEQILNKAQGPNTSKDGVETALENVQRAKNELNGNQNVANAKTTAKNALNNLTSINNAQKEALKSQIEGATTVAGVNQVSTTASELNTAMSNLQNGINDEAATKAAQKYTDADREKQTAYNDAVTAAKTLLDKTAGSNDNKAAVEQALQRVNTAKTALNGDERLNEAKNTAKQQVATMSHLTDAQKANLTSQIESGTTVAGVQGIQANAGTLDQAMNQLRQSIASKDATKSSEDYQDANADLQNAYNDAVTNAEGIISATNNPEMNPDTINQKASQVNSAKSALNGDEKLAAAKQTAKSDIGRLTDLNNAQRTAANAEVDQAPNLAAVTAAKNKATSLNTAMGNLKHALAEKDNTKRSVNYTDADQPKQQAYDTAVTQAEAITNANGSNANETQVQAALNQLNQAKNDLNGDNKVAQAKESAKRALASYSNLNNAQSTAAISQIDNATTVAGVTAAQNTANELNTAMGQLQNGINDQNTVKQQVNFTDADQGKKDAYTNAVTNAQGILDKAHGQNMTKAQVEAALNQVTTAKNALNGDANVRQAKSDAKANLGTLTHLNNAQKQDLTSQIEGATTVNGVNGVKTKAQDLDGAMQRLQSAIANKDQTKASENYIDADPTKKTAFDNAITQAESYLNKDHGANKDKQAVEQAIQSVTSTENALNGDANLQRAKTEAIQAIDNLTHLNTPQKTALKQQVNAAQRVSGVTDLKNSATSLNNAMDQLKQAIADHDTIVASGNYTNASPDKQGAYTDAYNAAKNIVNGSPNVITNAADVTAATQRVNNAETGLNGDTNLATAKQQAKDALRQMTHLSDAQKQSITGQIDSATQVTGVQSVKDNATNLDNAMNQLRNSIANKDDVKASQPYVDADRDKQNAYNTAVTNAENIINATSQPTLDPSAVTQAANQVSTNKTALNGAQNLANKKQETTANINQLSHLNNAQKQDLNTQVTNAPNISTVNQVKTKAEQLDQAMERLINGIQDKDQVKQSVNFTDADPEKQTAYNNAVTAAENIINQANGTNANQSQVEAALSTVTTTKQALNGDRKVTDAKNNANQTLSTLDNLNNAQKGAVTGNINQAHTVAEVTQAIQTAQELNTAMGNLKNSLNDKDTTLGSQNFADADPEKKNAYNEAVHNAENILNKSTGTNVPKDQVEAAMNQVNATKAALNGTQNLEKAKQHANTAIDGLSHLTNAQKEALKQLVQQSTTVAEAQGNEQKANNVDAAMDKLRQSIADNATTKQNQNYTDASQNKKDAYNNAVTTAQGIIDQTTSPTLDPTVINQAAGQVSTTKNALNGNENLEAAKQQASQSLGSLDNLNNAQKQTVTDQINGAHTVDEANQIKQNAQNLNTAMGNLKQAIADKDATKATVNFTDADQAKQQAYNTAVTNAENIISKANGGNATQAEVEQAIKQVNAAKQALNGNANVQHAKDEATALINSSNDLNQAQKDALKQQVQNATTVAGVNNVKQTAQELNNAMTQLKQGIADKEQTKADGNFVNADPDKQNAYNQAVAKAEALISATPDVVVTPSEITAALNKVTQAKNDLNGNTNLATAKQNVQHAIDQLPNLNQAQRDEYSKQITQATLVPNVNAIQQAATTLNDAMTQLKQGIANKAQIKGSENYHDADTDKQTAYDNAVTKAEELLKQTTNPTMDPNTIQQALTKVNDTNQALNGNQKLADAKQDAKTTLGTLDHLNDAQKQALTTQVEQAPDIATVNNVKQNAQNLNNAMTNLNNALQDKTETLNSINFTDADQAKKDAYTNAVSHAEGILSKANGSNASQTEVEQAMQRVNEAKQALNGNDNVQRAKDAAKQVITNANDLNQAQKDALKQQVDAAQTVANVNTIKQTAQDLNQAMTQLKQGIADKDQTKANGNFVNADTDKQNAYNNAVAHAEQIISGTPNANVDPQQVAQALQQVNQAKGDLNGNHNLQVAKDNANTAIDQLPNLNQPQKTALKDQVSHAELVTGVNAIKQNADALNNAMGTLKQQIQANSQVPQSVDFTQADQDKQQAYNNAANQAQQIANGIPTPVLTPDTVTQAVTTMNQAKDALNGDEKLAQAKQEALANLDTLRDLNQPQRDALRNQINQAQALATVEQTKQNAQNVNTAMSNLKQGIANKDTVKASENYHDADADKQTAYTNAVSQAEGIINQTTNPTLNPDEITRALTQVTDAKNGLNGEAKLATEKQNAKDAVSGMTHLNDAQKQALKGQIDQSPEIATVNQVKQTATSLDQAMDQLSQAINDKAQTLADGNYLNADPDKQNAYKQAVAKAEALLNKQSGTNEVQAQVESITNEVNAAKQALNGNDNLANAKQQAKQQLANLTHLNDAQKQSFESQITQAPLVTDVTTINQKAQTLDHAMELLRNSVADNQTTLASEDYHDATAQRQNDYNQAVTAANNIINQTTSPTMNPDDVNGATTQVNNTKVALDGDENLAAAKQQANNRLDQLDHLNNAQKQQLQSQITQSSDIAAVNGHKQTAESLNTAMGNLINAIADHQAVEQRGNFINADTDKQTAYNTAVNEAAAMINKQTGQNANQTEVEQAITKVQTTLQALNGDHNLQVAKTNATQAIDALTSLNDPQKTALKDQVTAATLVTAVHQIEQNANTLNQAMHGLRQSIQDNAATKANSKYINEDQPEQQNYDQAVQAANNIINEQTATLDNNAINQAATTVNTTKAALHGDVKLQNDKDHAKQTVSQLAHLNNAQKHMEDTLIDSETTRTAVKQDLTEAQALDQLMDALQQSIADKDATRASSAYVNAEPNKKQSYDEAVQNAESIIAGLNNPTINKGNVSSATQAVISSKNALDGVERLAQDKQTAGNSLNHLDQLTPAQQQALENQINNATTRGEVAQKLTEAQALNQAMEALRNSIQDQQQTEAGSKFINEDKPQKDAYQAAVQNAKDLINQTNNPTLDKAQVEQLTQAVNQAKDNLHGDQKLADDKQHAVTDLNQLNGLNNPQRQALESQINNAATRGEVAQKLAEAKALDQAMQALRNSIQDQQQTESGSKFINEDKPQKDAYQAAVQNAKDLINQTGNPTLDKSQVEQLTQAVTTAKDNLHGDQKLARDQQQAVTTVNALPNLNHAQQQALTDAINAAPTRTEVAQHVQTATELDHAMETLKNKVDQVNTDKAQPNYTEASTDKKEAVDQALQAAESITDPTNGSNANKDAVDQVLTKLQEKENELNGNERVAEAKTQAKQTIDQLTHLNADQIATAKQNIDQATKLQPIAELVDQATQLNQSMDQLQQAVNEHANVEQTVDYTQADSDKQNAYKQAIADAENVLKQNANKQQVDQALQNILNAKQALNGDERVALAKTNGKHDIDQLNALNNAQQDGFKGRIDQSNDLNQIQQIVDEAKALNRAMDQLSQEITDNEGRTKGSTNYVNADTQVKQVYDETVDKAKQALDKSTGQNLTAKQVIKLNDAVTAAKKALNGEERLNNRKAEALQRLDQLTHLNNAQRQLAIQQINNAETLNKASRAINRATKLDNAMGAVQQYIDEQHLGVISSTNYINADDNLKANYDNAIANAAHELDKVQGNAIAKAEAEQLKQNIIDAQNALNGDQNLANAKDKANAFVNSLNGLNQQQQDLAHKAINNADTVSDVTDIVNNQIDLNDAMETLKHLVDNEIPNAEQTVNYQNADDNAKTNFDDAKRLANTLLNSDNTNVNDINGAIQAVNDAIHNLNGDQRLQDAKDKAIQSINQALANKLKEIEASNATDQDKLIAKNKAEELANSIINNINKATSNQAVSQVQTAGNHAIEQVHANEIPKAKIDANKDVDKQVQALIDEIDRNPNLTDKEKQALKDRINQILQQGHNGINNAMTKEEIEQAKAQLAQALQDIKDLVKAKEDAKQDVDKQVQALIDEIDQNPNLTDKEKQALKYRINQILQQGHNDINNALTKEEIEQAKAQLAQALQDIKDLVKAKEDAKNAIKALANAKRDQINSNPDLTPEQKAKALKEIDEAEKRALQNVENAQTIDQLNRGLNLGLDDIRNTHVWEVDEQPAVNEIFEATPEQILVNGELIVHRDDIITEQDILAHINLIDQLSAEVIDTPSTATISDSLTAKVEVTLLDGSKVIVNVPVKVVEKELSVVKQQAIESIENAAQQKINEINNSVTLTLEQKEAAIAEVNKLKQQAIDHVNNAPDVHSVEEIQQQEQAHIEQFNPEQFTIEQAKSNAIKSIEDAIQHMIDEIKARTDLTDKEKQEAIAKLNQLKEQAIQAIQRAQSIDEISEQLEQFKAQMKAANPTAKELAKRKQEAISRIKDFSNEKINSIRNSEIGTADEKQAAMNQINEIVLETIRDINNAHTLQQVEAALNNGIARISAVQIVTSDRAKQSSSTGNESNSHLTIGYGTANHPFNSSTIGHKKKLDEDDDIDPLHMRHFSNNFGNVIKNAIGVVGISGLLASFWFFIAKRRRKEDEEEELEIRDNNKDSIKETLDDTKHLPLLFAKRRRKEDEEDVTVEEKDSLNNGESLDKVKHTPFFLPKRRRKEDEEDVEVTNENTDEKVLKDNEHSPLLFAKRRKDKEEDVETTTSIESKDEDVPLLLAKKKNQKDNQSKDKKSASKNTSKKVAAKKKKKKAKKNKK*,1,A1,,cell surface protein,SAUSA300_1327,A,1,,"Q7253fs, I8556T, L9603P, V4503G, V8219A,E10092Q, S9895F, T6720A, Y7469*, I8556T, N9497D"
8,"PI:3,mortality:3,GC:2",NE119,8,ausA,SAUSA300_0181,SAUSA300_0181,non-ribosomal peptide synthetase,"D-alanine--D-alanyl carrier protein ligase, Tyrocidine synthase 3,Tyrocidine synthase 3, D-alanine--D-alanyl carrier protein ligase,D-alanine--D-alanyl carrier protein ligase",MIMGNLRFQQEYFRIYKNNTESTTHRNAYWVKLAKNVEATKMMYALSTIVQQHASIRHFFDVTTDDNLTMILHEFLPFIEIKQVPSSSANYDLEAFFKQELSTYHFNDSPLFKVKLFQFADAAYILLDFHVSIFDDSQIDIFLDDLCNAYRGNTVINNTRQHAHINRNDDKDNQDASHIALDSNYFRLENNSDIHIDSYFPIKHPFEQALYQTYLIDDMTSIDMASLAVSVYLANHIMSQQHDVTLGIHVPSHLPNDLHGNIVPLTLTIDAKDVCQRFTTDFNKCVLQNMSQLQCAKSSLSLETIFHCYHHMMSCCNDVIEDVHQIHDAHTSLADIEIFPHQHGFKIIYNSAAYDLLSIETLSDLVRNIYLQITEENGNKRTTVDELNLMTERDIQLYDDINLSLPEIDDAQTVVTLFEQQVEATPNHVAVQFDGVFITYQTLNARANDLAHRLRNQYGVEPNDRVAVIAEKSIEMIIAMIGVLKAGGAYVPIDPNYPSDRQEYILKDVTPKVVITYQALYENGKQNINHIDLNKIAWKNIDNLSKCNTLEDHAYVIYTSGTTGNPKGTLIPHRGIVRLVHQNHYVPLNEETTILLSGTIAFDAATFEIYGALLNGGKLIVAKKEQLLNPIAVEQLINENDVNTMWLTSSLFNQIASERIEVLVPLKYLLIGGEVLNAKWVDLLNQKPKHPQIINGYGPTENTTFTTTYNIPNKVPNRIPIGKPILGTHVYIMQGERRCGVGIPGELCTSGFGLAAGYLNQPELTADKFIKDSNINQLMYRSGDIVRLLPDGNIDYLYRKDKQVKIRGFRIELSEVEHALERIQGINKAVVIVQNHDQDQYIVAYYEAMHTLSHNKIKSQLRMTLPEYMIPVNFMHIEQIPITINGKLDKKALPIMDYVDTDAYVAPSTDTEHLLCQIFADILHVNQVGIHDNFFELGGHSLKATLVVNRIEASTGKRLQIGDLLQKPTVFELAQAIAKVQEQNYEVIPETIVKDDYVLSSAQKRMYLLWKSNHKDTVYNVPFLWRLSSELNVAQLRQAVQRLIARHEILRTQYIVVDDEVRQRIVADVAVDFEEVNTHFTDEQEIMRQFVAPFNLEKPSQIRVRYIRSPLHAYLFIDTHHIINDGMSNIQLMNDLNALYQHKLLLPLKLQYKDYSEWMSHRDMTKHRQYWLSQFKDEVPILSLPTDYVRPNIKTTNGAMMSFTMNQQMRQLLQKYVEKHQITDFMFFMSVVMTLLSRYARKDDVVVGSVMSARMHKGTEQMLGMFANTLVYRGQPSPDKMWTQFLQEVKEMSLEAYEHQEYPFECLVNDLDQSHDASRNPLFDVMLVLQNNETNHAHFGHSKLTHIQPKSVTAKFDLSFIIEEDRDDYTINIEYNTDLYHSETVRHMGNQCMIMIDYILKHQDTLQICDIPNGTEELLNWVNTHVNDRMLNVPGNKSIISYFNEVVSRQGNHVALVMNDLTMTYETLRNYVDAIAHMLLSNGVGNGQRVALFTERSFEMIAAMLATVKVGASYIPIDIDFPNKRQGAILEDAKVTAVMSYGVEIETTLPVIQLENAKGFVESKENEQYDDLHGNQLENTAMLDNEMYAIYTSGTTGMPKGVAIRQRNLLNLVHAWSTELQLGDNEVFLQHANIVFDASVMEIYCCLLNGHTLVIPDREERVNPEQLQQLINKHRVTVASIPLQMCSVMEDFYIEKLITGGATSTASFVKYIEKHCGTYFNAYGPSESTVITSYWSHHCGDLIPETIPIGKPLSNIQVYIMSDGLLCGIGMPGELCIAGDSLAIGYINRPELMADKWQNNPFGKGKLYHSGDLARYTSDGQIEFLGRIDKQVKVNGYRIELDEIENAILAIRGISDCVVTVSHFDTHDILNAYYVGEQQVEQDLKQYLNDQLPKYMIPKTITHIDCMPLTTNDKVDTTRLPNPSPIQQSNKVYSEPSNEIEQTFVDVFGEVLKQNDVGVDDDFFELGGNSLEAMLVVSHLKRFGHHISMQTLYQYKTVRQIVNYMYQNQQSLVALPDNLSELQKIVMSRYNLGILEDSLSHRPLGNTLLTGATGFLGAYLIEVLQGYSHRIYCFIRADNEEIAWYKLMTNLNDYFSEETVEIMLSNIEVIVGDFECMDDVVLPENMDTIIHAGARTDHFGDDDEFEKVNVQGTVDVIRLAQQHHARLIYVSTISVGTYFDIDTEDVTFSEADVYKGQLLTSPYTRSKFYSELKVLEAVNNGLDGRIVRVGNLTNPYNGRWHMRNIKTNRFSMVMNDLLQLDCIGVSMAEMPVDFSFVDTTARQIVALAQVNTPQIIYHVLSPNKMPVKSLLECVKRKEIELVSDESFNEILQKQDMYETIGLTSVDREQQLAMIDTTLTLKIMNHISEKWPTITNNWLYHWAQYIKTIFNK*,1,D21,,non-ribosomal peptide synthetase,SAUSA300_0181,D,21,,"S102G, P2306L, K2308fs,Y1024fs, K1333E, I851T, F683L,G102S, P699Q"
5,"PI:3,mortality:2",NE188,36,mfd,mfd,SAUSA300_0481,transcription-repair coupling factor,"Transcription-repair-coupling factor,Transcription-repair-coupling factor",MTILTTLIKEDNHFQDLNQVFGQANTLVTGLSPSAKVTMIAEKYAQSNQQLLLITNNLYQADKLETDLLQFIDAEELYKYPVQDIMTEEFSTQSPQLMSERIRTLTALAQGKKGLFIVPLNGLKKWLTPVEMWQNHQMTLRVGEDIDVDQFLNKLVNMGYKRESVVSHIGEFSLRGGIIDIFPLIGEPIRIELFDTEIDSIRDFDVETQRSKDNVEEVDITTASDYIITEEVISHLKEELKTAYENTRPKIDKSVRNDLKETYESFKLFESTYFDHQILRRLVAFMYETPSTIIEYFQKDAIIAVDEFNRIKETEESLTVESDSFISNIIESGNGFIGQSFIKYDDFETLIEGYPVTYFSLFATTMPIKLNHIIKFSCKPVQQFYGQYDIMRSEFQRYVNQNYHIVVLVETETKVERMQAMLSEMHIPSITKLHRSMSSGQAVIIEGSLSEGFELPDMGLVVITERELFKSKQKKQRKRTKAISNAEKIKSYQDLNVGDYIVHVHHGVGRYLGVETLEVGQTHRDYIKLQYKGTDQLFVPVDQMDQVQKYVASEDKTPKLNKLGGSEWKKTKAKVQQSVEDIAEELIDLYKEREMAEGYQYGEDTAEQTTFELDFPYELTPDQAKSIDEIKDDMQKSRPMDRLLCGDVGYGKTEVAVRAAFKAVMEGKQVAFLVPTTILAQQHYETLIERMQDFPVEIQLMSRFRTPKEIKQTKEGLKTGFVDIVVGTHKLLSKDIQYKDLGLLIVDEEQRFGVRHKERIKTLKHNVDVLTLTATPIPRTLHMSMLGVRDLSVIETPPENRFPVQTYVLEQNMSFIKEALERELSRDGQVFYLYNKVQSIYEKREQLQMLMPDANIAVAHGQMTERDLEETMLSFINNEYDILVTTTIIETGVDVPNANTLIIEDADRFGLSQLYQLRGRVGRSSRIGYAYFLHPANKVLTETAEDRLQAIKEFTELGSGFKIAMRDLNIRGAGNLLGKQQHGFIDTVGFDLYSQMLEEAVNEKRGIKEPESEVPEVEVDLNLDAYLPTEYIANEQAKIEIYKKLRKTETFDQIIDIKDELIDRFNDYPVEVARLLDIVEIKVHALHSGITLIKDKGKIIDIHLSVKATENIDGEVLFKATQPLGRTMKVGVQNNAMTITLTKQNQWLDSLKFLVKCIEESMRISDEA*,1,P15,mfd,transcription-repair coupling factor,SAUSA300_0481,P,15,,"N714K, P675S, W568*,Ter568Wext*?, K714N"
5,"PI:2,mortality:3",NE472,6,fmtB,fmtB,SAUSA300_2109,truncated FmtB protein,"hypothetical protein,hypothetical protein",VTQANSNIEAANSQNDVDQAKTTGENSIDQVTPTVNKKATARNEITAILNNKLQEIQATPDATDEEKQAADAEANTENGKANQAISAATTNAQVDEAKANAEAAINAVTPKVVKKQAAKDEIDQLQATQTNVINNDQNATTEEKEAAIQQLATAVTDAKNNITAATDDNGVDQAKDAGKNSIQSTQPATAVKSNAKNDVDQAVTTQNQAIDNTTGATTEEKNAAKDLVLKAKEKAYQDILNAQTTNDVTQIKDQAVADIQGITADTTIKDVAKDELATKANEQKALIAQTADATTEEKEQANQQVDAQLTQGNQNIENAQSIDDVNTAKDNAIQAIDPIQASTDVKTNARAELLTEMQNKITEILNNNETTNEEKGNDIGPVRAAYEEGLNNINAATTTGDVTTAKDTAVQKVQQLHANPVKKPAGKKELDQAAADKKTQIEQTPNASQQEINDAKQEVDTELNQAKTNVDQSSTNEYVDNAVKEGKAKINAVKTFSEYKKDALAKIEDAYNAKVNEADNSNASTSSEIAEAKQKLAELKQTADQNVNQATSKDDIEVQIHNDLDNINDYTIPTGKKESATTDLYAYADQKKNNISADTNATQDEKQQAIKQVDQNVQTALESINNGVDNGDVDDALTQGKAAIDAIQVDATVKPKANQAIEVKAEDTKESIDQSDQLTAEEKTEALAMIKQITDQAKQGITDATTTAEVEKAKAQGLEAFDNIQIDSTEKQKAIEELETALDQIEAGVNVNADATTEEKEAFTNALEDILSKATEDISDQTTNAEIATVKNSALEQLKAQRINPEVKKNALEAIREVVNKQIEIIKNADADASAKEIARTDLGRYFDRFADKLDKTQTNAEVAELQNVTIPAIEAIVPQNDPDANDTNNGIDNNDATANSNANATPENTGQPNVSETTANGKADASPTTPNNSDAATGETTATSATDDANDKPQANNNSSVDASTNSPTMDNDVTSKPEVESTNNGTTDKPVTETDNATPAESTTNNNSTTTATNENAPTGSTATAPTTASTEAASSADSKDNASVNDSKQNAEVNNSAESQSTNDKVAQPKSENKAKAEKDGSDSTNQSMVESTTETLPSADITEPNVPSNTSKDKEESTTNQTDAGQLKSETNVASNEADKSPSKADTEVSNKPSTSASSEAKEKMTSTNVSQKDDTATADTNDTQKSVGSAANNKATQNDGANASPATVSNGSNSANQDMLNVTNTDDHQAKTKSAQQGKVNKAKQQAKTLPDTGMSHNDDLPYAELALGAGMAFLIRRFTKKDQQTEE*,2,O7,fmtB,truncated FmtB protein,SAUSA300_2109,O,7,,"K2491Q, F1903L,L1903F, L718F, L176P, Q1505fs"
4,"mortality:2,PI:2",NE1553,925,hutG,hutG,SAUSA300_2281,formimidoylglutamase,"Formimidoylglutamase,Formimidoylglutamase",VYKQGEPNLWTGRLDSETDPKKFRHFQTVTFEDLSKLEKSSMPSGVGILGYAVDKGVALNKGRIGAKEGPDAIKQAFAGLPDLNQCETLVDYGNVYHDHEELIDTQKEFAMLAAKSIANHRQTFLLGGGHDIAYAQYLATRKVYPTQSIGVINIDAHFDTRAEQQSTSGTSFRQILEEDENTDYLVLGIAQGGNTQSLFDYAKEKKIDYVFADELLSHVSPTIKDMIERFVHEHDVIMFTICMDVIDSAFAPGVSAPAVLGLYPHTVLELAKRIIPSDKVSSVSIAEMNPTYDADNRTAKLVANLVHHFLK*,5,C9,hutG,formimidoylglutamase,SAUSA300_2281,C,9,,"V127G, I301L,I301L, L185I"
3,mortality:3,NE1671,1408,rsmC,SAUSA300_0526,SAUSA300_0526,methyltransferase small subunit,Ribosomal RNA small subunit methyltransferase C,MSHYYDEDPSVISNEQRIQYQLNHHKIDLITDNGVFSKDKVDYGSDVLVQTFLKAHPPGPSKRIADVGCGYGPIGLMIAKVSPHHSITMLDVNHRALALVEKNKKLNGIDNVIVKESDALSAVEDKSFDFILTNPPIRAGKETVHRIFEQALHRLDSNGELFVVIQKKQGMPSAKKRMNELFGNVEVVNKDKGYYILRSIKA*,5,H5,-,methyltransferase small subunit,SAUSA300_0526,H,5,,"M27I, T103fs, T122A"
3,PI:3,NE172,164,glcA,ptsG,SAUSA300_0191,PTS system glucose-specific IIBC subunit,PTS system glucose-specific EIICBA component,VRKKLFGQLQRIGKALMLPVAILPAAGLLLAIGTAMQGESLQHYLPFIQNGGVQTVAKLMTGAGGIIFDNLPMIFALGVAIGLAGGDGVAAIAAFVGYIIMNKTMGDFLQVTPKNIGDPASGYASILGIPTLQTGVFGGIIIGALAAWCYNKFYNINLPSYLGFFAGKRFVPIMMATTSFILAFPMALIWPTIQSGLNAFSTGLLDSNTGVAVFLFGFIKRLLIPFGLHHIFHAPFWFEFGSWKNAAGEIIHGDQRIFIEQIREGAHLTAGKFMQGEFPVMMFGLPAAALAIYHTAKPENKKVVAGLMGSAALTSFLTGITEPLEFSFLFVAPLLFFIHAVLDGLSFLTLYLLDLHLGYTFSGGFIDYFLLGILPNKTQWWLVIPVGLVYAVIYYFVFRFLIVKLKYKTPGREDKQSQAATASATELPYAVLEAMGGKANIKHLDACITRLRVEVNDKSKVDVPGLKDLGASGVLEVGNNMQAIFGPKSDQIKHEMQQIMNGQVVENPTTMEDDKDETVVVAEDKSATSELSHIVHAPLTGEVTPLSEVPDQVFSEKMMGDGIAIKPSQGEVRAPFNGKVQMIFPTKHAIGLVSDSGLELLIHIGLDTVKLNGEGFTLHVEEGQEVKQGDLLINFDLDYIRNHAKSDITPIIVTQGNITNLDFKQGEHGNISFGDQLFEAK*,1,N7,ptsG,"PTS system, glucose-specific IIBC component domain protein",SAUSA300_0191,N,7,,"G306fs, G33fs, Q356H"
3,PI:3,NE46,15,-,SAUSA300_1930,SAUSA300_1930,"phi77 ORF001-like protein, phage tail tape measure protein",hypothetical protein,MGERIKGLSIGLDLDAANLNRSFAEIKRNFKTLNSDLKLTGNNFKYTEKSTDSYKQRIKELDGTITGYKKNVDDLAKQYDKVSQEQGENSAGAQKLRQEYNKQANELNYLERELQKTSAEFEEFKKAQVEAQRMAESGWGKTSKVFESMGPKLTKMGDGLKSIGKGMMIGVTAPVLGIAAASGKAFAEVDKGLDTVTQATGATGSELKKLQNSFKDVYGNFPADAETVGGVLGEVNTRLGFTGKELENATESFLKFSHITGSDGVQAVQLITRAMGDAGIEASEYQSVLDMVAKAAQASGISVDTLADSITKYGAPMRAMGFEMKESIALFSQWEKSGVNTEIAFSGLKKAISNWGKAGKNPREEFKKTLAEIEKTPDIASATILAIEAFGAKAGPDLADAIKGGRFSYQEFLKTIEDSQGTVNQTFKDSESGSERFKVAMNKLKLVGADVWASIESAFAPVMEELIKKLSVAVDWFSNLSDGSKRSIVIFGGIAAAIGPVVFGLGAFISTIGNAVTVLAPLLAGIAKADGLISFLSTKVPILGTVFTALTGPIGIVLGVLAGLAVAFTIAYKKSETFRNFVNDAIESVKQTFSNFIQFIQPFIDSVKNVFKQAVSAIVDFAKDIWSQINGFFNENGISIVQALQNICNFIKVIFEFILNFVIKPIMFAIWQVMQFIWPAVKALIVSTWENIKGVIQGTLNIILGLIKFFSSLFTGDWRGVWDAIIMILKGVVQLIWNLIQLWFVGKILGVVRYFGGLLKGLITGIWDVIKSIFSKSLSAIWNATKSIFGFLFNSVKSIFTNMKNWLSNTWSSIRTNTIGKAQSLFSGVKSKFTSLWNATKDIFSNLRNWMANIWNSIKDNTVGIASRLWSKVRGIFTNMRDGLQSIISKIKSHIGGMVDAIKKGLNKLIEGLNWVGGKLGMDKIPKLHTGTEHTHTTTRLVKNGKIARDTFATVGDKGRGNGPNGFRNEIIEFPNGKRVITPNTDTTAYLPKGSKVYNGTQTYSMLNGTLPRFSLGTMWKDIKSGASSAFNWTKDQIGKGTKWLGDKVGDVLDFMENPGKLLNYILEAFGIDFNSLTKGMGIAGDITKAAWSKIKKSATDWIKENLEAMGGGDLVGGILDPDKINYHYGRTAAYTAATGRPFHEGVDFPFVYQEVRTPMGGRLTRMPFMSGGYGNYVKITSGVIDMLFAHLKNFSKSPPSGTMVKPGDVVGLTGNTGFSTGPHLHFEMRRNGRHFDPEPYLRNAKKKGRLSIGGGGATSGSGATYASRVIRQAQSILGGRYKGKWIHDQMMRVAKRESNYQSNAVNNWDINAQRGDPSRGLFQIIGSTFRANAKRGYTNFNNPVHQGISAMQYIVRRYGWDGFKRAGDYAYATGGKVFDGWYNLGEDGHPEWIIPTDPARRNDAMKMLHYAAAEVRGRKASKNKRPSQLSSVNGFDDPSLLLKMIEQQQQQIALLLKIAQSNDVIADKDYQPIIDEYAFDKKVNASIEKRERQESTKVKFRKGGIAIQ*,1,G19,,"phi77 ORF001-like protein, phage tail tape measure protein",SAUSA300_1930,G,19,,"G1026S, SL1015HF, D911E, K904R, I902V, Y1370fs, G1212S"
3,PI:3,NE573,632,ribA,ribBA,SAUSA300_1713,riboflavin biosynthesis protein,Riboflavin biosynthesis protein RibBA,MQFDNIDSALMALKNGEPIIVVDDENRENEGDLVAVTEWMNDNTINFMAKEARGLICAPVSKDIAQRLDLVQMVDDNSDIFGTQFTVSIDHVDTTTGISAYERTLTAKKLIDPSSEAKDFNRPGHLFPLVAQDKGVLARNGHTEAAVDLAKLTGAKPAGVICEIMNDDGTMAKGQDLQKFKEKHQLKMITIDDLIEYRKKLEPEIEFKAKVKMPTDFGTFDMYGFKATYTDEEIVVLTKGAIRQHENVRLHSACLTGDIFHSQRCDCGAQLESSMKYINEHGGMIIYLPQEGRGIGLLNKLRAYELIEQGYDTVTANLALGFDEDLRDYHIAAQILKYFNIEHINLLSNNPSKFEGLKQYGIDIAERIEVIVPETVHNHDYMETKKIKMGHLI*,2,P17,ribBA,riboflavin biosynthesis protein,SAUSA300_1713,P,17,,"L152F, N15fs, E324K"
3,mortality:3,NE1462,119,mutS2,mutS2,SAUSA300_1043,recombination and DNA strand exchange inhibitor protein,Endonuclease MutS2,MRQKTLDVLEFEKIKSLVANETISDLGLEKVNQMMPATNFETVVFQMEETDEIAQIYNKHRLPSLSGLSKVSAFIHRADIGGVLNVSELNLIKRLIQVQNQFKTFYNQLVEEDEGVKYPILDDKMNQLPVLTDLFQQINETCDTYDLYDNASYELQGIRSKISSTNQRIRQNLDRIVKSQANQKKLSDAIVTVRNERNVIPVKAEYRQDFNGIVHDQSASGQTLYIEPSSVVEMNNQISRLRHDEAIEKERILTQLTGYVAADKDALLVAEQVMGQLDFLIAKARYSRSIKGTKPIFKEDRTVYLPKAYHPLLNRETVVANTIEFMEDIETVIITGPNTGGKTVTLKTLGLIIVMAQSGLLIPTLDGSQLSVFKNVYCDIGDEQSIEQSLSTFSSHMTNIVEILKHADKHSLVLFDELGAGTDPSEGAALAMSILDHVRKIGSLVMATTHYPELKAYSYNREGVMNASVEFDVDTLSPTYKLLMGVPGRSNAFDISKKLGLSLNIINKAKTMIGTDEKEINEMIESLERNYKRVETQRLELDRLVKEAEQVHDDLSKQYQQFQNYEKSLIEEAKEKANQKIKAATKEADDIIKDLRQLREQKGADVKEHELIDKKKRLDDHYEAKSIKQNVQKQKYDKIVAGDEVKVLSYGQKGEVLEIVNDEEAIVQMGIIKMKLPIEDLEKKQKEKVKPTKMVTRQNRQTIKTELDLRGYRYEDALIELDQYLDQAVLSNYEQVYIIHGKGTGALQKGVQQHLKKHKSVSDFRGGMPSEGGFGVTVATLK*,4,D20,mutS2,DNA mismatch repair MutS2 protein,SAUSA300_1043,D,20,,"S447A, T717A, G275V"
3,mortality:3,NE1020,727,isdD,SAUSA300_1031,SAUSA300_1031,hypothetical protein,hypothetical protein,MRNVKQIATKSIIAIISLGILTYTTMIGSVLADEIKYPSAKFNQPEAKDKTELTTSIFDEKIKENKALELLIFNQENKNVTEEQQLVDEKAQLISDMTGKIYLQVKLKGQIDKEQLVFQNDKNEEFPFVIKDEKDDTIVRILIEQHMDKINMHVKTLAEKKNLDNKEMVYSIHFKEKKVQHDDAKEVPSKHQNQENNQDQLKKDIDDKKDSQKSDTKERRTSLFTEKGLNDIPVQKDKVQQDSNKKIENERPKASGTLKVENSPPTIKKVENNHKEQPKHKDEKSKKEKKKVVEKEKALPAFNRDDDSKNSSQLSSDIKELDEPNHKKQYMLFAAGIVLATILLISAHLYSRKRGNQV*,3,I24,,conserved hypothetical protein,SAUSA300_1031,I,24,,"R251*, L73F, E294K, S29N"
2,PI:2,NE1140,120,lysA,lysA,SAUSA300_1293,diaminopimelate decarboxylase,Alanine racemase 1,MTVKYNQNGELTMDGISLKTIAQSFGTPTIVYDELQIREQMRRYHRAFKDSGLKYNISYASKAFTCIQMVKLVAEEDLQLDVVSEGELYTALEAGFEPSRIHFHGNNKTKHEIRYALENNIGYFVIDSLEEIELIDRYANDTVQVVLRVNPGVEAHTHEFIQTGQEDSKFGLSIQYGLAKKAIDKVQQSKHLKLKGVHCHIGSQIEGTEAFIETAKIVLRWLKEQGIQVELLNLGGGFGIKYVEGDESFPIESGIKDITDAIKSEIKVLGIDAPEIGIEPGRSIVGEAGVTLYEVGTIKEIPEINKYVSIDGGMSDHIRTALYDAKYQALLVNRNEEADDSVTIAGKLCESGDIIIKDAKLPSSVKRGDYLAILSTGAYHYSMASNYNQMQKPSVFFLKDGKAREVIKRQSLRQLIINDTK*,3,N24,lysA,diaminopimelate decarboxylase,SAUSA300_1293,N,24,,"K354fs, S68A"
2,PI:2,NE1166,240,ilvB,ilvB,SAUSA300_2007,acetolactate synthase large subunit,Acetolactate synthase large subunit,MSKTQHEVNQNIDPLKMAESLEPEQLNEKTLNDMRSGSEVLVEALLKENVDYLFGYPGGAVLPLYDTFYDGKIKHILARHEQGAVHAAEGYARVSGKTGVVVVTSGPGATNVMTGITDAHCDSLPLVVFTGQVATPGIGKDAFQEADILSMTSPITKQNYQVKRVEDIPKIVHEAFHVANSGRKGPVVIDFPKDMGVLATNVDLCDEINIPGYEVVTEPENKDIDTFISLLKEAKKPVVLAGAGINQSKSNQLLTQFVNKHQIPTVTTLLGLGAVPYEDTLFLGMGGMHGSYASNMALTECDLLINLGSRFDDRLASKPDAFAPNAKIVHVDIDPSEINKVIHVDLGIIADCKRFLECLNDKNVETIEHSDWVKHCQNNKQKHPFKLGEEDQVFCKPQQTIEYIGKITNGEAIVTTDVGQHQMWAAQFYPFKNHGQWVTSGGLGTMGFGIPSSIGAKLANPDKTVVCFVGDGGFQMTNQEMALLPEYGLDVKIVLINNGTLGMVKQWQDKFFNQRFSHSVFNGQPDFMKMAEAYGVKGFLIDKPEQLEEQLDAAFAYQGPALIEVRISPTEAVTPMVPSGKSNHEMEGL*,4,C3,ilvB,acetolactate synthase large subunit,SAUSA300_2007,C,3,,"I574T, V8I"
2,PI:2,NE117,458,cydA,SAUSA300_0986,SAUSA300_0986,"cytochrome D ubiquinol oxidase, subunit I",Putative cytochrome bd menaquinol oxidase subunit I,MDTVEISRFLTAMTLAVHIIFATIGVGMPLMFAIAEFLGIRKNDLQYIAMAKRWAKAYTITVAVGVVTGTIIGLQLSLIWPTFMEMGGHVIALPLFMETFAFFFEAIFLSIYLYTWDRFKNKWTHFLISIPVIIGGSFSAFFITSVNSFMNTPAGFELKNGKMVNVQPIEAMFNPSFIVRSFHVITTAGMTMAFVIASIAAFKLLRNRQPKDTVYHKKALKMSMIVGFFSTLLSMLAGDLSAKFLHKFQPEKLAAYEWHFDTSSHAKLLLFGVLDEKTQQVKGAIELPGLLSFLADNSVKTKVQGLNDFPKSLHPPMIVHYFFDLMVTMGILCFVISGVYVLTLMFKKLRKFSTHKWMLYGILLTGPASMLAIEFGWFLTEMGRQPWIVRGYMRVAEAATQAGGITFVTILFGILYIILMYTCAYVLIRMFKNKPAYEDVNRLAKKQGGEIEK*,1,D17,,"cytochrome D ubiquinol oxidase, subunit I",SAUSA300_0986,D,17,,"C390R, A193T"
2,PI:2,NE1183,469,arlS,arlS,SAUSA300_1307,sensor histidine kinase protein,Signal transduction histidine-protein kinase ArlS,MTKRKLRNNWIIVTTMITFVTIFLFCLIIIFFLKDTLHNSELDDAERSSSDINNLFHSKPVKDISALDLNASLGNFQEIIIYDEHNNKLFETSNDNTVRVEPGYEHRYFDRVIKKRYKGIEYLIIKEPITTQDFKGYSLLIHSLENYDNIVKSLYIIALAFGVIATIITATISYVFSTQITKPLVSLSNKMIEIRRDGFQNKLQLNTNYEEIDNLANTFNEMMSQIEESFNQQRQFVEDASHELRTPLQIIQGHLNLIQRWGKKDPAVLEESLNISIEEMNRIIKLVEELLELTKGDVNDISSEAQTVHINDEIRSRIHSLKQLHPDYQFDTDLTSKNLEIKMKPHQFEQLFLIFIDNAIKYDVKNKKIKVKTRLKNKQKIIEITDHGIGIPEEDQDFIFDRFYRVDKSRSRSQGGNGLGLSIAQKIIQLNGGSIKIKSEINKGTTFKIIF*,4,E13,arlS,sensor histidine kinase protein,SAUSA300_1307,E,13,,"E262G, H142Y"
2,PI:2,NE1380,425,thiW,SAUSA300_0978,SAUSA300_0978,ABC transporter ATP-binding protein,Putative HMP/thiamine import ATP-binding protein YkoD,VLKVSDLRLKYPSGQRKIFDHLNITIQDKEKVLLLGPSGCGKSTLLNVLSGIVPNLIELPMKYDELIVDPLSGVIFQDPDSQFCMPKVYEELAFVLENRQLPREDMDALIINALNMVNLNVTPETYIKDLSGGMKQKLAIVETILQQSKTLFLDEPTAMLDVQATEDLWTKLIELWEDQTVVIVEHKVKHIWNHVDRVILMDYNGNIIADECPEIILQKYVHLLSEYGVWHPRAWEFAPSRVDFPTTNSHLLQFKNGRIIRGKSTLLSFSDLEIGLGEWITITGANGSGKTTLLESIMQLIKYQGDVYFENQRLTKIKHAAKHMYLVYQNPELQFITNSVYDEINIHFNHLSKDQSDDETIQLLKLLDLQNVKDQHPYELSIGQKRRLSVATALSSKADIIFLDEPTFGLDSHNTFQLIKLFQKRINLGQSIVMVTHDDEIIERYPSRRLKISDGALLDCDGDTNV*,4,E24,,"ABC transporter, ATP-binding protein",SAUSA300_0978,E,24,,"K30E, N395S"
2,PI:2,NE1458,447,-,SAUSA300_2094,SAUSA300_2094,hypothetical protein,hypothetical protein,MTAETNYFWLNCGYNRWNHNEPLVGQTALFESGAHFNPSQGFRAFKKAKVGDQVIFYQVQTDTGLLGCGEIISVETGAQNKIRVQFRFNEQLKPLTADYLKRSEALEFRISNMKETLFNQITAEEFDLISGLGKGEIKIPRYFFLAETEEFEPGNQYTIYTHTYNGIKRNGYHFYTQLEEGDNIIFYNRTKNQSVVGIGEVSKHIHEKPPIPGRTNSTVIEVSYEKDITPITLSTLNKHPKLKNLYFLQENAKQAIASMSQAQYDAIIEMSDNNGLKSPFEMVQKPDMLESEKEEALKPFILLVVDRKEEGLKAANDLLQKANANPVITTGHPDFSEDMLYGKYLPNETGALYYREGFITQLMPKKDKSYLVIDNFNRIDTDIFQTYINVLEGYEVTLPRYNKDGNMIKWSRQKDSFYYFNPNWHIVGITYDSLEEIKEKYSEQFLKYTRIVKVKHD*,4,D12,,conserved hypothetical protein,SAUSA300_2094,D,12,,"P209T, V372F"
2,PI:2,NE1509,258,abcA,SAUSA300_0630,SAUSA300_0630,ABC transporter ATP-binding protein,Multidrug resistance ABC transporter ATP-binding/permease protein BmrA,MKRENPLFFLFKKLSWPVGLIVAAITISSLGSLSGLLVPLFTGRIVDKFSVSHINWNLIALFGGIFVINALLSGLGLYLLSKIGEKIIYAIRSVLWEHIIQLKMPFFDKNESGQLMSRLTDDTKVINEFISQKLPNLLPSIVTLVGSLIMLFILDWKMTLLTFITIPIFVLIMIPLGRIMQKISTSTQSEIANFSGLLGRVLTEMRLVKISNTERLELDNAHKNLNEIYKLGLKQAKIAAVVQPISGIVMLLTIAIILGFGALEIATGAITAGTLIAMIFYVIQLSMPLINLSTLVTDYKKAVGASSRIYEIMQEPIEPTEALEDSENVLIDDGVLSFEHVDFKYDVKKILDDVSFQIPQGQVSAFVGPSGSGKSTIFNLIERMYEIESGDIKYGLESVYDIPLSKWRRKIGYVMQSNSMMSGTIRDNILYGINRHVSDEELINYAKLANCHDFIMQFDEGYDTLVGERGLKLSGGQRQRIDIARSFVKNPDILLLDEATANLDSESELKIQEALETLMEGRTTIVIAHRLSTIKKAGQIIFLDKGQVTGKGTHSELMASHAKYKNFVVSQKLTD*,4,L18,-,ABC transporter ATP-binding protein,SAUSA300_0630,L,18,,"T70A, R456M"
2,PI:2,NE1561,393,ebpS,ebpS,SAUSA300_1370,cell surface elastin binding protein,Elastin-binding protein EbpS,MSNNFKDDFEKNRQSIDTNSHQDHTEDVEKDQSELEHQDTIENTEQQFPPRNAQRRKRRRDLATNHNKQVHNESQTSEDNVQNEAGTIDDRQVESSHSTESQEPSHQDSTPQHEEEYYNKNAFAMDKSHPEPIEDNDKHDTIKNAENNTEHSTVSDKSEAEQSQQPKPYFTTGANQSETSKNEHDNDSVKQDQDEPKEHHNGKKAAAIGAGTAGVAGAAGAMAASKAKKHSNDAQNKSNSGKANNSTEDKASQDKSKDHHNGKKGAAIGAGTAGLAGGAASKSASAASKPHASNNASQNHDEHDNHDRDKERKKGGMAKVLLPLIAAVLIIGALAIFGGMALNNHNNGTKENKIANTNKNNADESKDKDTSKDASKDKSKSTDSDKSKEDQDKATKDESDNDQNNANQANNQAQNNQNQQQANQNQQQQQQRQGGGQRHTVNGQENLYRIAIQYYGSGSPENVEKIRRANGLSGNNIRNGQQIVIP*,5,E1,ebpS,cell surface elastin binding protein,SAUSA300_1370,E,1,,"G434D, M340I"
2,PI:2,NE1637,924,-,SAUSA300_0237,SAUSA300_0237,inosine-uridine preferring nucleoside hydrolase,Pyrimidine-specific ribonucleoside hydrolase RihA,MKRKIIMDCDPGHDDAIALILAGAIDSPLEILAVTTVAGNQSVDKNTTNALNVLDIMGRQDIAVAKGADRPLIKPAAFASEIHGESGLDGPKLPSTPSRQAVAMPASDVIINKVMTSDTPVTIVATGPLTNVATALIREPRIAEHIESITLMGGGTFGNWTPTAEFNIWVDAEAAKRVFESGITINVFGLDVTHQVLADDHVIERFESINNPVAQFVVELLQFFKKTYKTHFNMDGGPIHDACTILYLLQPELFTMVPVNIDIEHQSPLTYGTMAVDLNHVTGKPANAYFATAVDVEEVWNLIDHKLRTYE*,5,B9,-,inosine-uridine preferring nucleoside hydrolase,SAUSA300_0237,B,9,,"A214T, K306N"
2,PI:2,NE1702,767,-,SAUSA300_0244,SAUSA300_0244,zinc-binding dehydrogenase family oxidoreductase,Galactitol 1-phosphate 5-dehydrogenase,VKALKLYGVEDLRYEDNEKPVIESANDVIIKVRATGICGSDTSRYKKMGPYIKGMPFGHEFSGVVDAIGSDVTHVNVGDKVTGCPAIPCYQCEYCLKGEYARCEKLFVIGSYEPGSFAEYVKLPAQNVLKVPDNVDYIEAAMVEPSAVVAHGFYKSNIQPGMTVAVMGCGSIGLLAIQWARIFGAAHIIAIDIDAHKLDIATSLGAHQTINSKEENLEKFIENHYANQIDLAIESSGAKVTIGQILTLPKKGGEVVLLGIPYDDIEIDRVHFEKILRNELTVCGSWNCLSSNFPGKEWTATLHYMKTKDINVKPIISHFLPLEKGPETFDKLVNKKERFDKVMFTIY*,5,L19,-,zinc-binding dehydrogenase family oxidoreductase,SAUSA300_0244,L,19,,"V147A, G252fs"
2,PI:2,NE186,51,fnbA,fnbA,SAUSA300_2441,fibronectin binding protein A,Fibronectin-binding protein A,VKNNLRYGIRKHKLGAASVFLGTMIVVGMGQDKEAAASEQKTTTVEENGNSATDNKTSETQTTATNVNHIEETQSYNATVTEQPSNATQVTTEEAPKAVQAPQTAQPANIETVKEEVVKEEAKPQVKETTQSQDNSGDQRQVDLTPKKATQNQVAETQVEVAQPRTASESKPRVTRSADVAEAKEASNAKVETGTDVTSKVTVEIGSIEGHNNTNKVEPHAGQRAVLKYKLKFENGLHQGDYFDFTLSNNVNTHGVSTARKVPEIKNGSVVMATGEVLEGGKIRYTFTNDIEDKVDVTAELEINLFIDPKTVQTNGNQTITSTLNEEQTSKELDVKYKDGIGNYYANLNGSIETFNKANNRFSHVAFIKPNNGKTTSVTVTGTLMKGSNQNGNQPKVRIFEYLGNNEDIAKSVYANTTDTSKFKEVTSNMSGNLNLQNNGSYSLNIENLDKTYVVHYDGEYLNGTDEVDFRTQMVGHPEQLYKYYYDRGYTLTWDNGLVLYSNKANGNGKNGPIIQNNKFEYKEDTIKETLTGQYDKNLVTTVEEEYDSSTLDIDYHTAIDGGGGYVDGYIETIEETDSSAIDIDYHTAVDSEAGHVGGYTESSEESNPIDFEESTHENSKHHADVVEYEEDTNPGGGQVTTESNLVEFDEESTKGIVTGAVSDHTTVEDTKEYTTESNLIELVDELPEEHGQAQGPVEEITENNHHISHSGLGTENGHGNYDVIEEIEENSHVDIKSELGYEGGQNSGNQSFEEDTEEDKPKYEQGGNIVDIDFDSVPQIHGQNKGNQSFEEDTEKDKPKYEHGGNIIDIDFDSVPHIHGFNKHTEIIEEDTNKDKPSYQFGGHNSVDFEEDTLPKVSGQNEGQQTIEEDTTPPIVPPTPPTPEVPSEPETPTPPTPEVPSEPETPTPPTPEVPSEPETPTPPTPEVPAEPGKPVPPAKEEPKKPSKPVEQGKVVTPVIEINEKVKAVAPTKKPQSKKSELPETGGEESTNKGMLFGGLFSILGLALLRRNKKNHKA*,1,P11,fnbA,fibronectin binding protein A,SAUSA300_2441,P,11,,"Q976*, L513P"
2,PI:2,NE1919,1190,stp1,SAUSA300_1112,SAUSA300_1112,protein phosphatase 2C domain-containing protein,Serine/threonine phosphatase stp,MLEAQFFTDTGQHRDKNEDAGGIFYNQTNQQLLVLCDGMGGHKAGEVASKFVTDELKSRFEAENLIEQHQAENWLRNNIKDINFQLYHYAQENAEYKGMGTTCVCALVFEKSVVIANVGDSRAYVINSRQIEQITSDHSFVNHLVLTGQITPEEAFTHPQRNIITKVMGTDKRVSPDLFIKRLNFYDYLLLNSDGLTDYVKDNEIKRLLVKEGTIEDHGDQLMQLALDNHSKDNVTFILAAIEGDKV*,5,P22,,protein phosphatase 2C domain-containing protein,SAUSA300_1112,P,22,,"N93_K111del, G41_K43del"
2,PI:2,NE202,785,-,SAUSA300_1902,SAUSA300_1902,hypothetical protein,hypothetical protein,MTNGYIGSYTKKNGKGIYRFELNENQSRIDLLETGFELEASTYLVRNNEVLYGINKEGEQCGVASLKIDDNGELHLLNKCLSSKAGTGCYVSISEDKRYLFEAVYGAGIIRMYELNTHTGEIIRLIQELAHDFPTGTHERQDHPHAHYINQTPDGKYVAVTDLGADRIVTYKFDDNGFEFYKESLFKDSDGTRHIEFHDNGKFAYVVHELSNTVSVAEYNDGKFEELERHLTIPENFDGDTKLAAVRLSHDQQFLYVSNRGHDSIAIFKVLDNGQHLELVTITESGGQFPRDFNIASSDDLLVCAHEQGDSVVTVFERNKETGKITLCDNTRVASEGVCVIF*,1,A20,,conserved hypothetical protein,SAUSA300_1902,A,20,,"T267I, F173L"
2,PI:2,NE214,236,sbnF,SAUSA300_0123,SAUSA300_0123,IucC family siderophore biosynthesis protein,2-[(L-alanin-3-ylcarbamoyl)methyl]-3-(2- aminoethylcarbamoyl)-2-hydroxypropanoate synthase,MIVVQTLFIHIYQIQFVITRRYRIVNQTILNRVKTRVMHQLVSSLIYENIVVYKASYQDGVGHFTIEGHDSEYRFTAEKTHSFDRIRITSPIERVVGDEADTTTDYTQLLREVVFTFPKNDEKLEQFIVELLQTELKDTQSMQYRESNPPATPETFNDYEFYAMEGHQYHPSYKSRLGFTLSDNLKFGPDFVPNVKLQWLAIDKDKVETTVSRNVVVNEMLRQQVGDKTYEHFVQQIEASGKHVNDVEMIPVHPWQFEHVIQVDLAEERLNGTVLWLGESDELYHPQQSIRTMSPIDTTKYYLKVPISITNTSTKRVLAPHTIENAAQITDWLKQIQQQDMYLKDELKTVFLGEVLGQSYLNTQLSPYKQTQVYGALGVIWRENIYHMLIDEEDAIPFNALYASDKDGVPFIENWIKQYGSEAWTKQFLAVAIRPMIHMLYYHGIAFESHAQNMMLIHENGWPTRIALKDFHDGVRFKREHLSEAASHLTLKPMPEAHKKVNSNSFIETDDERLVRDFLHDAFFFINIAEIILFIEKQYGIDEELQWQWVKGIIEAYQEAFPELNNYQHFDLFEPTIQVEKLTTRRLLSDSELRIHHVTNPLGVGGINDATTISET*,1,C20,,"siderophore biosynthesis protein, IucC family""",SAUSA300_0123,C,20,,"D46Y, H50R"
2,PI:2,NE308,218,cpaA,SAUSA300_0911,SAUSA300_0911,"transporter, monovalent cation:proton antiporter-2 (CPA2) family protein",Glutathione-regulated potassium-efflux system protein KefB,MEFLSLVIVVLAAFLTPIIVNRLNINFLPVVVAEILMGIVIGNSFLNIVERDSILNILSTLGFIFLMFLSGLEIDFKAFKKDKRARQGQNDDESSIPGHLNLALTVFAFIMIISILLAYVFKWLGLVDDVLLMVIIISTISLGVVVPTLKEMNIMRTTIGQFILLVAVLADLVTMILLTVYGAINGQGGSTIWLIGILVVFTAISYILGVQFKRMSFLQKLMDGTTQIGIRAVFALIILLVALAEGVGAENILGAFLAGVVVSLLNPDEEMVEKLDSFGYGFFIPIFFIMVGVDLNIPSLIKEPKLLIIIPILIVAFIISKLIPVMFIRRWFDMKTTIASAFLLTSTLSLVIAAAKISERLNAISAETSGILILSAVITCVFVPIIFKKLFPVPDEFNRKIEVSLIGKNQLTIPIAQNLTSQLYDVTLYYRKDLSDRRQLSDDITMIEIADYEQDVLERLGLFDRDIVVCATNDDDINRKVAKLAKAHQVERVICRLESTTDDTELVDSGIEIFSSYLSNKILLKGLIETPNMLNLLSNVETSLYEIQMLNYKYENIQLRNFPFGGDIIFVRIIRNNESIVPHGDTQLRYGDRLIVTGAKEYVDELKQELEFYF*,1,D16,,"transporter, monovalent cation:proton antiporter-2 (CPA2) family protein",SAUSA300_0911,D,16,,"I597T, L390fs, R572C"
2,PI:2,NE327,774,int3,int,SAUSA300_1972,integrase,Tyrosine recombinase XerC,MKTRCYDGKKWQYEFKYEGKRYRKKGFRTKREANSAGLDKLNELRSGFNIDNYITLEEYFENWIKTYKQPVVKENTYRHYRNALQHIQKHKIGKMELSKINRQVYQKFINDYSKEHAKETIRKTNGAIRSALDDALYDGLIFKNPAYKVNYKAGKPTKSEQEKFISVTEYEILKDHVRKKRTRSSLALFIMICTGCRVSGARNIKIEHINQVKNTIFIDERKTDTSPRYISIAKSDMKHIMDVISTFAISYDGYIFKEAGSIINLHAINNALKSACRVNNISIITSHALRHTHCSYLLAKGVSIHYISKRLGHKNIAITTSVYSHLLEEKFNEEDKKTTKILESM*,1,H6,int,integrase,SAUSA300_1972,H,6,,"E57A, H112Y, W129R, K14E"
2,PI:2,NE362,274,tarL',SAUSA300_0247,SAUSA300_0247,putative teichoic acid biosynthesis protein B,"Teichoic acid ribitol-phosphate polymerase TarK, hypothetical protein",MTKTKQAIHIDNIYWERVQLYIEGHSEGVDLTSGQFVLRNLTETKTLEANEMKIDGNTFICRFNVAILDDGYYLPMDKYLFVYHDQLEYIGQLNPNIIDQAYAALNEEQIEEYNELTTQNGKVNYLLAYDAKVFRKGGVSQHTVYTITPEIASDVNEFVFDIEITLPQEKSGVIATSAHWLHKQGHKASFESRSFLFKAIFNITKLLHIKRSKTILFTSDSRPNLSGNFKYVYDELLRQKVDFDYDIKTVFKENITDRRKWRDKFRLPYLLGKADYIFVDDFHPLIYTVRFRPSQEIIQVWHAVGAFKTVGFSRTGKKGGPFIDSLNHRSYTKAYVSSETDIPFYAEAFGIREENVVPTGVPRTDVLFDEAYATQIKQEMEDELPIIKGKKVILFAPTFRGNGHGTAHYPFFKIDFERLARYCEKHNAVVLFKMHPFVKNRLNISREHRQYFIDVSDHREVNDILFVTDLLISDYSSLIYEYAVFKKPMIFYAFDLEDYITTRDFYEPFESFVPGKIVQSFDALMDALDNEDYEVEKVVPFLDKHFKYQDGRSSERLVKDLFRR*,1,N4,,putative teichoic acid biosynthesis protein B,SAUSA300_0247,N,4,,"R563K, F8fs"
2,PI:2,NE369,854,guaC,guaC,SAUSA300_1235,guanosine 5'-monophosphate oxidoreductase,GMP reductase,VKIFDYEDIQLIPNKCIVESRSECDTTIQFGPKKFKLPVVPANMQTVMNEKLAKWFAENDYFYIMHRFDEEARIPFIKHMQNSGLFASISVGVKKAEFDFIEKLAQEKLIPEYITIDIAHGHSDSVINMIKHIKTHIPDSFVIAGNVGTPEGVRELENAGADATKVGIGPGRVCITKIKTGFGTGGWQLAALNICSKAARKPLIADGGIRTHGDIAKSIRFGASMVMIGSLFAAHEESPGETVELDGKQYKEYFGSASEFQKGEHKNVEGKKMFVEHKGSLMDTLKEMQQDLQSSISYAGGKDLKSLRTVDYVIVRNSIFNGDRD*,1,N18,guaC,guanosine monophosphate reductase,SAUSA300_1235,N,18,,"P111A, K34fs"
2,PI:2,NE392,314,-,SAUSA300_0200,SAUSA300_0200,peptide ABC transporter ATP-binding protein,Glutathione import ATP-binding protein GsiA,MSNLLEVNSLNVQFNYDETTVQAVKNVSFELRKKHILGIVGESGSGKSITAKSILGLLPDYPDHTLTGEIIFNGQSLNNLSTSALQQIRGKDISMIFQDPLSSLNPRLTIGKQITEVIFQHKRVSKSEAKSMTIDILEKVGIKHATRQFDAYPHELSGGMRQRVMIAMALILKPQILIADEPTTALDASTQNQLLQLMKSLYEYTETSIIFITHDLGAVYQFCDDVIVMKDGSVVESGTVESIFKSPQHTYTKRLIDAIPDIHQTRPPRPLNNDILLKFDRVSVDYTSPSGSLYRAVNDINLAIRKGETLGIVGESGSGKSTLAKTVVGLKEVSEGFIWYNELPLSLFKDDELKSLRQEIQMIFQDPFASINPRFKVIDVIKRPLIIHGKVKDNDDIIKTVVSLLEKVGLDQTFLYRYPHELSGGQRQRVSIARALAVEPKVIVCDEAVSALDVSIQKDIIELLKQLQLDFGITYLFITHDMGVINEICDRVAVMKNGEIVELNNTEDIIKHPQSDYAKQLISEVAVIAK*,2,A15,,"peptide ABC transporter, ATP-binding protein",SAUSA300_0200,A,15,,"R491H, G158fs"
2,PI:2,NE419,1355,-,SAUSA300_2297,SAUSA300_2297,hypothetical protein,hypothetical protein,MTNPNQRLEPFDETFQQPNIHRGKRYGKKKRSLVSMIIQIIVVILTAIAGYSMWKQPIFNIVFTKESVDFDGIKNFNETIGKMHQLNINLGNINDLQQGIDRLILVFNGFFILCIVSLVITILTIVFNRTVLKVVNILVLTIMLVITLYFSYIIKALAQEIADVFKKYYLNVPPDQVITEADAIHNGIILLGCSIGLLVISLFFRNRMPRLK*,2,E21,,conserved hypothetical protein,SAUSA300_2297,E,21,,"R25Q, Q25del"
2,PI:2,NE440,292,opp-3A,oppA,SAUSA300_0891,oligopeptide ABC transporter substrate-binding protein,Dipeptide-binding protein DppE,MTRKFRTLILILIATIALSGCANDDGIYSDKGQVFRKILSSDLTSLDTSLITDEISSEVTAQTFEGLYTLGKGDKPVLGVAKAFPEKSKDGKTLKVKLRSDAKWSNGDKVTAQDFVYAWRKTVDPKTGSEFAYIMGDIKNASDISTGKKPVEQLGIKALNDETLQIELEKPVPYINQLLALNTFAPQNEKVAKKYGKNYGTAADRAVYNGPFKVDDWKQEDKTLLSKNQYYWDKKNVKLDKVNYKVIKDLQAGASLYDTESVDDAVITADQVNKYKDNKGLNFVLTTGTFFVKMNEKQYPDFKNKNLRLAIAQAIDKKGYVDSVKNNGSIPSDTLTAKGIAKAPNGKDYASTMNSPLKYNPKEARAHWDKAKKELGKNEVTFSMNTEDTPDAKISAEYIKSQVEKNLPGVTLKIKQLPFKQRVSLELSNNFEASLSGWSADYPDPMAYLETMTTGSAQNNTDWGNKEYDQLLKVARTKLALQPNERYENLKKAEEMFLGDAPVAPIYQKGVAHLTNPQVKGLIYHKFGPNNSLKHVYIDKSIDKETGKKKK*,2,I15,oppA,"oligopeptide ABC transporter, substrate-binding protein",SAUSA300_0891,I,15,,"A493fs, K89I"
2,PI:2,NE501,115,rnr,rnr,SAUSA300_0764,ribonuclease R,Ribonuclease R,MNLKQSIEEIINQPEYEPMSVSDFQDALGLSSADSFRDLIKVLVELEQSGLIERTKTDRYQKKHSYRGQSKLIKGTLSQNKKGFAFLRPEDEDMEDIFIPPTKINRALDGDTVIVEIHQSKGEHKGKIEGEVKSIEKHSVTQVVGTYSEARHFGFVIPDDKRIMQDIFIPKGQSLGAVDGHKVLVQITKYADGSDNPEGHISAILGHKNDPGVDILSIIYQHGIEIEFPDEVLQEAEAVPDHIENTEIKGRHDLRDELTITIDGADAKDLDDAISVKKLANGNTQLTVSIADVSYYVTEGSALDKEAYDRATSVYLVDRVIPMIPHRLSNGICSLNPNVDRLTLSCRMEIDASGRVVKHEIFDSVIHSDYRMTYDAVNQIITEKDPNIREQYNEITPMLDLAQDLSNRLIQMRKRRGEIDFDISEAKVLVNEDGIPTDVQLRQRGEGERLIESFMLIANETVAEHFSKLDVPFIYRVHEQPKSDRLRQFFDFITNFGIMIKGTGEDIHPTTLQKVQEEVEGRPEQMVISTMMLRSMQQAHYDDVNLGHFGLSAEYYTHFTSPIRRYPDLTVHRLIRKYLIEKSMDNKEVKRWEDKLPELAEHTSKRERRAIEAERDTDELKKAEYMIQHIGDEFEGIVSSVANFGMFIELPNTIEGMVHIANMTDDYYRFEERQMALIGERQAKVFRIGDTVKVKVTHVDVDERLIDFQIVGMPLPKNDRSQRPARGKTIQAKTRGKSLDKSKSDDKGRKKKGKQRKGKNQRNNDKSGNSKHKPFYKDKSVKKKARRKKK*,2,D17,rnr,ribonuclease R,SAUSA300_0764,D,17,,"R110G, S322P"
2,PI:2,NE513,65,-,SAUSA300_2431,SAUSA300_2431,putative helicase,UvrABC system protein B,MSRLLNDFNQSLHKGFIDKHISHKGNYTPKLLVNNKNEKVLSTIIDELQKCETFYFSVAFITESGLASLKAQLLDLSNKGVKGKILTSNYLGFNSPKMYGELLKLKNVEVRLTDIAGFHAKGYIFEHKDYSSMVIGSSNLTSNALKVNYEHNVLLSTMKNGDLVDSVKSEFDLLWQKSTPLTEQWINSYKESFEYRSLEKLAEVEQTQMLLADKVKKSVEIVPNLMQAEALRSLKAIRDKAKDKALIISATGTGKTILCALDVREVNPNKFLFIVHNEGILNRAKEEFKKVLPIKNDSDFGLLTGKHRDVDAKYLFATIQTLSRDDNFKQFDENEFDYIVFDEAHRSAASTYQRVFNYFKPKFMLGMTATPERSDELSIFELFDYNIAYEIRLQAALESDILCPFHYFGVTDYVHQGIKEDDVTKLRYLTSDERVNYIIQKTDYYGYSGEILQGLIFVSSKKEAYDLADKLSSKGIKSVALTGDDSVNYRQIVIEKLKEGKINYIITVDLFNEGIDIPEVNQVVMLRPTESSIIFIQQLGRGLRKSSNKEYVTVIDFIGNYKTNYLIPIALSGDQSQNKDNYKKFLTNNDSINGVSTINFEEVAKKQIYNSLDAVSLNQNKLILKAYEEVENRLGHMPLLMDFIQQHSIDPSVIFSKFSNYYEFLVRYKKIDTLLTENESKNLVFFSRQIAPGLKRIDSLVLEELLKNELTYDELKNKMLNEVKDITEDDIDTSLRILDFSFYNAGIEKIYGSPIIERNERMIRLSDAFTNALSNQTFNMFLEDLIELSKYNNEKYQKGKNGLILYNKYSREDFSKIFNWNKNGSSVIMGYMIKSQEMPIFITYDKHEDISDSTKYEDEFLSQDELKWFTKSNRTLESKEVQKILSHRAKGIKMYIFVQKKDDDGIYFYYLGTAGYIEGSEKQDKMPNGSNVVTMDLALDKAVRDDIYRYLTN*,2,F17,,putative helicase,SAUSA300_2431,F,17,,"D940N, K848E"
2,PI:2,NE581,374,purF,purF,SAUSA300_0972,amidophosphoribosyltransferase,Amidophosphoribosyltransferase,MFNYSGLNEECGVFGIWNHPEAAQLTYMGLHSLQHRGQEGAGIVVSDQNELKGERGLGLLTEAIKDDQMERLKGYQHAIGHVRYATSGNKGIENIQPFLYHFYDMSVGICHNGNLINAKSLRQNLEKQGAIFHSSSDTEVIMHLIRRSKAPTFEEALKESLRKVKGGFTFAILTKDALYGAVDPNAIRPLVVGKMKDGTYILASETCAIDVLGAEFVQDIHAGEYVVINDKGITVKSYTHHTTTAISAMEYIYFARPDSTIAGKNVHAVRKASGKKLAQESPVNADMVIGVPNSSLSAASGYAEEIGLPYEMGLVKNQYVARTFIQPTQELREQGVRVKLSAVKDIVDGKNIILVDDSIVRGTTIRRIVKMLKDSGANKVHVRIASPEFMFPSFYGIDVSTTAELISASKSPEEIKDYIGADSLAYLSVDGLIESIGLDYDAPYSGLCVESFTGDYPAGLYDYEANYKAHLSHRQKQYISKNKHFFDSEGNLNV*,2,A10,purF,amidophosphoribosyltransferase,SAUSA300_0972,A,10,,"Q279*, N32S"
2,PI:2,NE66,114,secA2,SAUSA300_2584,SAUSA300_2584,preprotein translocase subunit SecA,Protein translocase subunit SecA 1,MKHKLDVTINELRLKSIRKIVKRINTWSDEVKSYSDDALKQKTIEFKERLASGVDTLDTLLPEAYAVAREASWRVLGMYPKEVQLIGAIVLHEGNIAEMQTGEGKTLTATMPLYLNALSGKGTYLITTNDYLAKRDFEEMQPLYEWLGLTASLGFVDIVDYEYQKGEKRNIYEHDIIYTTNGRLGFDYLIDNLADSAEGKFLPQLNYGIIDEVDSIILDAAQTPLVISGAPRLQSNLFHIVKEFVDTLIEDVHFKMKKTKKEIWLLNQGIEAAQSYFNVEDLYSEQAMVLVRNINLALRAQYLFESNVDYFVYNGDIVLIDRITGRMLPGTKLQAGLHQAIEAKEGMEVSTDKSVMATITFQNLFKLFESFSGMTATGKLGESEFFDLYSKIVVQVPTDKAIQRIDEPDKVFRSVDEKNIAMIHDIVELHETGRPVLLITRTAEAAEYFSKVLFQMDIPNNLLIAQNVAKEAQMIAEAGQIGSMTVATSMAGRGTDIKLGEGVEALGGLAVIIHEHMENSRVDRQLRGRSGRQGDPGSSCIYISLDDYLVKRWSDSNLAENNQLYSLDAQRLSQSNLFNRKVKQIVVKAQRISEEQGVKAREMANEFEKSISIQRDLVYEERNRVLEIDDAENQDFKALAKDVFEMFVNEEKVLTKSRVVEYIYQNLSFQFNKDVACVNFKDKQAVVTFLLEQFEKQLALNRKNMQSAYYYNIFVQKVFLKAIDSCWLEQVDYLQQLKASVNQRQNGQRNAIFEYHRVALDSFEVMTRNIKKRMVKNICQSMITFDKEGMPVIHFP*,1,K11,,"preprotein translocase, secA protein",SAUSA300_2584,K,11,,"E773fs, R773fs"
2,PI:2,NE704,298,araB,SAUSA300_0537,SAUSA300_0537,ribulokinase,Ribulokinase,MSYSIGIDYGTASGRVFLINTTNGQVVSKFVKPYTHGVIESELNGLKIPHTYALQNSNDYLEIMEEGISYIVRESKIDPDNIVGIGIDFTSSTIIFTDENLNPVHNLKQFKNNPHAYVKLWKHHGAYKEAEKLYQTAIENNNKWLGHYGYNVSSEWMIPKIMEVMNRAPEIMEKTAYIMEAGDWIVNKLTNKNVRSNCGLGFKAFWEEETGFHYDLFDKIDPKLSKVIQDKVSAPVVNIGEAVGKLDDKMAQKLGLSKETMVSPFIIDAHASLLGIGSEKDKEMTMVMGTSTCHLMLNEKQHQVPGISGSVKGAIIPELFAYEAGQSAVGDLFEYVAKQAPKSYVDEAENRNMTVFELMNEKIKHQMPGESGLIALDWHNGNRSVLSDSNLTGCIFGLTLQTKHEDIYRAYLEATAFGTKMIMQQYQDWHMEVEKVFACGGIPKKNAVMMDIYANVLNKKLIVMDSEYAPAIGAAILGAVSGGAHNSINDAVDAMKEPILYEINPEAEKVQRYETLFKAYKALHDIHGYKKANIMKDIQSLRVEG*,2,F16,,L-ribulokinase,SAUSA300_0537,F,16,,"E259fs, E497G"
2,PI:2,NE743,555,-,SAUSA300_0180,SAUSA300_0180,integral membrane protein LmrP,"Na(+), Li(+), K(+)/H(+) antiporter",MKRLSTTLKVRLISNFLQLIITTAFIPFIALYLTDMLSQSIVGIYLVGLVVLKFPLSIISGYLIEIFPKKLLVLIYQATMVIMLVFMGVFGSHQLWQIIGFCVAYAIFTIVWGLQFPVMDTLIMDAITEDVEHYIYKISYWMTNLSVAIGALLGGLMYGYSMLLLFLIAACIFLIVLFILYIWLPQDRNQVKQSDDKRHASRYQKLQIMNIFRSYKLVLKDRNYMLLISGFSIIMMGEFSISSYIAIRLKDQFETISIGSYDITGAKMLAILLMINTVVVILLTYSISKVVLKIDFKKALITGLLIYIVGYSGLTYLNQFGLLVVFMIIATVGEIIYSPIVSEQRFKIIPKAKRGTYSAVNALGIHFSETLARLGIVLGVFLTSLQMGLYMFIVLTIGASMLVAGVFGGQKQVNTN*,2,L22,,integral membrane protein LmrP,SAUSA300_0180,L,22,,"I393V, G334E"
2,PI:2,NE93,309,-,SAUSA300_2001,SAUSA300_2001,DNA mismatch repair protein-like protein,DNA mismatch repair protein MutS,MSTNQTFLIFVIAIILLTSVIGIVGRYMSRQRLLKSMETLWQTISPLEAFIRPNSHFDYEYKLYKEKFESHSLVDDKTWSDLNMNAIFHKMNYNLTAIGEMKLYACLRGMLSITNKSLLSLFNDNAEFRKNVTYHLALIGKTVYPTFPDQITPVKRQNILFLCPFLPVISFAVIFINSQVGILLFLMSCLFNIILSATLKRTYEDDLKSIFYASNVLKQGYTISKIKHAPQPEVNFKQFRTARHLTSVLAEVNDEDIGAMVIKLVKLIFMLDYVLFHSIQKSYTTHMNELKNCFDYIAELDNHYALAMYRRTLECYTEPQIDDSNDGIVFSELTHPLIADAVANDFSLSQNILLTGSNASGKSTFMKSIAINIILASAIQTVTASKFVYQPGIVFTSMANADDVLSGDSYFMAELKSIKRIVEIPDNQKIYCFIDEIFKGTNTTERIAASESVLSFLHEKSNFRVIAATHDIELAELLKQRYENYHFNEVIENNNIHFDYKIKPGKANTRNAIELLKITSFPAKIYERAKDNVPKI*,1,O17,,similar to DNA mismatch repair protein,SAUSA300_2001,O,17,,"L349S, K131fs"
