mutation_id,PAIR_ID,CHROM,START,END,MUTTYPE,TYPE,START_feat,END_feat,STRAND_feat,LOCUS_TAG,GENE,PRODUCT
breseq-001,GP-0001,NC_017338,591999,592000,SNP,CDS,588983,592345,+,SAA6159_RS02745,sdrC,MSCRAMM family adhesin SdrC
breseq-002,GP-0001,NC_017338,592017,592018,SNP,CDS,588983,592345,+,SAA6159_RS02745,sdrC,MSCRAMM family adhesin SdrC
breseq-003,GP-0001,NC_017338,592020,592021,SNP,CDS,588983,592345,+,SAA6159_RS02745,sdrC,MSCRAMM family adhesin SdrC
breseq-004,GP-0001,NC_017338,592035,592036,SNP,CDS,588983,592345,+,SAA6159_RS02745,sdrC,MSCRAMM family adhesin SdrC
breseq-005,GP-0001,NC_017338,592042,592043,SNP,CDS,588983,592345,+,SAA6159_RS02745,sdrC,MSCRAMM family adhesin SdrC
breseq-006,GP-0001,NC_017338,2715052,2715070,DEL,CDS,2714770,2717547,-,SAA6159_RS13745,clfB,MSCRAMM family adhesin clumping factor ClfB
breseq-007,GP-0001,NC_017338,2715102,2715103,SNP,CDS,2714770,2717547,-,SAA6159_RS13745,clfB,MSCRAMM family adhesin clumping factor ClfB
breseq-008,GP-0001,NC_017338,2715114,2715115,SNP,CDS,2714770,2717547,-,SAA6159_RS13745,clfB,MSCRAMM family adhesin clumping factor ClfB
breseq-009,GP-0269,NZ_CP026068,1169810,1169811,SNP,CDS,1168856,1170502,-,RK82_RS05880,NA,IS1182 family transposase
breseq-010,GP-0269,NZ_CP026068,1170424,1170425,SNP,CDS,1168856,1170502,-,RK82_RS05880,NA,IS1182 family transposase
breseq-011,GP-0269,NZ_CP026068,1304693,1304694,SNP,CDS,1303704,1305443,-,RK82_RS06525,NA,type I restriction-modification system subunit M
breseq-012,GP-0269,NZ_CP026068,1578075,1578076,SNP,CDS,1577942,1578604,-,RK82_RS08180,deoC,deoxyribose-phosphate aldolase
breseq-013,GP-0269,NZ_CP026068,1578403,1578404,SNP,CDS,1577942,1578604,-,RK82_RS08180,deoC,deoxyribose-phosphate aldolase
breseq-014,GP-0269,NZ_CP026068,2608334,2608335,SNP,CDS,2607631,2608419,+,RK82_RS13410,NA,tandem-type lipoprotein
breseq-015,GP-0269,NZ_CP026068,2608340,2608341,SNP,CDS,2607631,2608419,+,RK82_RS13410,NA,tandem-type lipoprotein
breseq-016,GP-0269,NZ_CP026068,2608607,2608608,SNP,CDS,2608438,2609223,+,RK82_RS13415,lpl9,tandem-type lipoprotein Lpl9
breseq-017,GP-0269,NZ_CP026068,2608610,2608611,SNP,CDS,2608438,2609223,+,RK82_RS13415,lpl9,tandem-type lipoprotein Lpl9
breseq-018,GP-0269,NZ_CP026068,2608880,2608881,SNP,CDS,2608438,2609223,+,RK82_RS13415,lpl9,tandem-type lipoprotein Lpl9
breseq-019,GP-0753,NZ_CP021350,166128,166129,SNP,CDS,165657,166877,+,B9Y35_RS00850,NA,hypothetical protein
breseq-020,GP-0753,NZ_CP021350,172787,172788,INS,CDS,172766,173050,+,B9Y35_RS00900,NA,DUF1474 family protein
breseq-021,GP-0753,NZ_CP021350,1157372,1157373,SNP,CDS,1155767,1157383,-,B9Y35_RS06105,NA,poly(glycerol-phosphate) alpha-glucosyltransferase
breseq-022,GP-0753,NZ_CP021350,1157621,1157636,DEL,CDS,1157497,1160517,-,B9Y35_RS06110,NA,fibrinogen-binding adhesin SdrG C-terminal domain-containing protein
breseq-023,GP-2344,NZ_CP021350,172791,172792,INS,CDS,172766,173050,+,B9Y35_RS00900,NA,DUF1474 family protein
breseq-024,GP-2344,NZ_CP021350,1157830,1157896,DEL,CDS,1157497,1160517,-,B9Y35_RS06110,NA,fibrinogen-binding adhesin SdrG C-terminal domain-containing protein
breseq-025,GP-2344,NZ_CP021350,2471961,2471962,SNP,CDS,2470184,2474683,+,B9Y35_RS12625,NA,E domain-containing protein
breseq-026,GP-2344,NZ_CP021350,2471964,2471965,SNP,CDS,2470184,2474683,+,B9Y35_RS12625,NA,E domain-containing protein
breseq-027,GP-3018,NZ_CP047793,180280,180281,SNP,CDS,179359,180726,+,E3S87_RS01090,NA,FRG domain-containing protein
breseq-028,GP-3018,NZ_CP047793,626534,626535,SNP,CDS,626429,626830,+,E3S87_RS03135,msaC,sarA expression modulator MsaC
breseq-029,GP-3018,NZ_CP047793,725708,727371,DEL,CDS,725660,726328,-,E3S87_RS03640,NA,minor capsid protein
breseq-030,GP-3018,NZ_CP047793,725708,727371,DEL,CDS,726386,726637,-,E3S87_RS03645,NA,hypothetical protein
breseq-031,GP-3018,NZ_CP047793,725708,727371,DEL,CDS,727142,727246,+,E3S87_RS13900,NA,IS21 family transposase
breseq-032,GP-3018,NZ_CP047793,725708,727371,DEL,CDS,727263,727373,+,E3S87_RS13905,NA,ATP-binding protein
breseq-033,GP-3018,NZ_CP047793,821987,821988,SNP,CDS,821127,822371,-,E3S87_RS04085,fmhC,FemA/FemB family glycyltransferase FmhC
breseq-034,GP-3018,NZ_CP047793,1072420,1072421,SNP,CDS,1071867,1072718,-,E3S87_RS05310,NA,base excision DNA repair protein
breseq-035,GP-3018,NZ_CP047793,1093037,1093038,INS,CDS,1093014,1094627,-,E3S87_RS05410,NA,IS1182 family transposase
breseq-036,GP-3018,NZ_CP047793,2781654,2781655,SNP,CDS,2781518,2782387,+,E3S87_RS13605,NA,primase C-terminal domain-containing protein
