Strain Name,plate384,Well384,Gene name,gene discription,Row384,Column384,nebraska_locus_tag,nebraska_aa_seq,source
NE119,1,D21,NA,non-ribosomal peptide synthetase,D,21,SAUSA300_0181,MIMGNLRFQQEYFRIYKNNTESTTHRNAYWVKLAKNVEATKMMYALSTIVQQHASIRHFFDVTTDDNLTMILHEFLPFIEIKQVPSSSANYDLEAFFKQELSTYHFNDSPLFKVKLFQFADAAYILLDFHVSIFDDSQIDIFLDDLCNAYRGNTVINNTRQHAHINRNDDKDNQDASHIALDSNYFRLENNSDIHIDSYFPIKHPFEQALYQTYLIDDMTSIDMASLAVSVYLANHIMSQQHDVTLGIHVPSHLPNDLHGNIVPLTLTIDAKDVCQRFTTDFNKCVLQNMSQLQCAKSSLSLETIFHCYHHMMSCCNDVIEDVHQIHDAHTSLADIEIFPHQHGFKIIYNSAAYDLLSIETLSDLVRNIYLQITEENGNKRTTVDELNLMTERDIQLYDDINLSLPEIDDAQTVVTLFEQQVEATPNHVAVQFDGVFITYQTLNARANDLAHRLRNQYGVEPNDRVAVIAEKSIEMIIAMIGVLKAGGAYVPIDPNYPSDRQEYILKDVTPKVVITYQALYENGKQNINHIDLNKIAWKNIDNLSKCNTLEDHAYVIYTSGTTGNPKGTLIPHRGIVRLVHQNHYVPLNEETTILLSGTIAFDAATFEIYGALLNGGKLIVAKKEQLLNPIAVEQLINENDVNTMWLTSSLFNQIASERIEVLVPLKYLLIGGEVLNAKWVDLLNQKPKHPQIINGYGPTENTTFTTTYNIPNKVPNRIPIGKPILGTHVYIMQGERRCGVGIPGELCTSGFGLAAGYLNQPELTADKFIKDSNINQLMYRSGDIVRLLPDGNIDYLYRKDKQVKIRGFRIELSEVEHALERIQGINKAVVIVQNHDQDQYIVAYYEAMHTLSHNKIKSQLRMTLPEYMIPVNFMHIEQIPITINGKLDKKALPIMDYVDTDAYVAPSTDTEHLLCQIFADILHVNQVGIHDNFFELGGHSLKATLVVNRIEASTGKRLQIGDLLQKPTVFELAQAIAKVQEQNYEVIPETIVKDDYVLSSAQKRMYLLWKSNHKDTVYNVPFLWRLSSELNVAQLRQAVQRLIARHEILRTQYIVVDDEVRQRIVADVAVDFEEVNTHFTDEQEIMRQFVAPFNLEKPSQIRVRYIRSPLHAYLFIDTHHIINDGMSNIQLMNDLNALYQHKLLLPLKLQYKDYSEWMSHRDMTKHRQYWLSQFKDEVPILSLPTDYVRPNIKTTNGAMMSFTMNQQMRQLLQKYVEKHQITDFMFFMSVVMTLLSRYARKDDVVVGSVMSARMHKGTEQMLGMFANTLVYRGQPSPDKMWTQFLQEVKEMSLEAYEHQEYPFECLVNDLDQSHDASRNPLFDVMLVLQNNETNHAHFGHSKLTHIQPKSVTAKFDLSFIIEEDRDDYTINIEYNTDLYHSETVRHMGNQCMIMIDYILKHQDTLQICDIPNGTEELLNWVNTHVNDRMLNVPGNKSIISYFNEVVSRQGNHVALVMNDLTMTYETLRNYVDAIAHMLLSNGVGNGQRVALFTERSFEMIAAMLATVKVGASYIPIDIDFPNKRQGAILEDAKVTAVMSYGVEIETTLPVIQLENAKGFVESKENEQYDDLHGNQLENTAMLDNEMYAIYTSGTTGMPKGVAIRQRNLLNLVHAWSTELQLGDNEVFLQHANIVFDASVMEIYCCLLNGHTLVIPDREERVNPEQLQQLINKHRVTVASIPLQMCSVMEDFYIEKLITGGATSTASFVKYIEKHCGTYFNAYGPSESTVITSYWSHHCGDLIPETIPIGKPLSNIQVYIMSDGLLCGIGMPGELCIAGDSLAIGYINRPELMADKWQNNPFGKGKLYHSGDLARYTSDGQIEFLGRIDKQVKVNGYRIELDEIENAILAIRGISDCVVTVSHFDTHDILNAYYVGEQQVEQDLKQYLNDQLPKYMIPKTITHIDCMPLTTNDKVDTTRLPNPSPIQQSNKVYSEPSNEIEQTFVDVFGEVLKQNDVGVDDDFFELGGNSLEAMLVVSHLKRFGHHISMQTLYQYKTVRQIVNYMYQNQQSLVALPDNLSELQKIVMSRYNLGILEDSLSHRPLGNTLLTGATGFLGAYLIEVLQGYSHRIYCFIRADNEEIAWYKLMTNLNDYFSEETVEIMLSNIEVIVGDFECMDDVVLPENMDTIIHAGARTDHFGDDDEFEKVNVQGTVDVIRLAQQHHARLIYVSTISVGTYFDIDTEDVTFSEADVYKGQLLTSPYTRSKFYSELKVLEAVNNGLDGRIVRVGNLTNPYNGRWHMRNIKTNRFSMVMNDLLQLDCIGVSMAEMPVDFSFVDTTARQIVALAQVNTPQIIYHVLSPNKMPVKSLLECVKRKEIELVSDESFNEILQKQDMYETIGLTSVDREQQLAMIDTTLTLKIMNHISEKWPTITNNWLYHWAQYIKTIFNK*,whost
NE172,1,N7,ptsG,"PTS system, glucose-specific IIBC component domain protein",N,7,SAUSA300_0191,VRKKLFGQLQRIGKALMLPVAILPAAGLLLAIGTAMQGESLQHYLPFIQNGGVQTVAKLMTGAGGIIFDNLPMIFALGVAIGLAGGDGVAAIAAFVGYIIMNKTMGDFLQVTPKNIGDPASGYASILGIPTLQTGVFGGIIIGALAAWCYNKFYNINLPSYLGFFAGKRFVPIMMATTSFILAFPMALIWPTIQSGLNAFSTGLLDSNTGVAVFLFGFIKRLLIPFGLHHIFHAPFWFEFGSWKNAAGEIIHGDQRIFIEQIREGAHLTAGKFMQGEFPVMMFGLPAAALAIYHTAKPENKKVVAGLMGSAALTSFLTGITEPLEFSFLFVAPLLFFIHAVLDGLSFLTLYLLDLHLGYTFSGGFIDYFLLGILPNKTQWWLVIPVGLVYAVIYYFVFRFLIVKLKYKTPGREDKQSQAATASATELPYAVLEAMGGKANIKHLDACITRLRVEVNDKSKVDVPGLKDLGASGVLEVGNNMQAIFGPKSDQIKHEMQQIMNGQVVENPTTMEDDKDETVVVAEDKSATSELSHIVHAPLTGEVTPLSEVPDQVFSEKMMGDGIAIKPSQGEVRAPFNGKVQMIFPTKHAIGLVSDSGLELLIHIGLDTVKLNGEGFTLHVEEGQEVKQGDLLINFDLDYIRNHAKSDITPIIVTQGNITNLDFKQGEHGNISFGDQLFEAK*,whost
NE546,2,L11,NA,conserved hypothetical protein,L,11,SAUSA300_0564,MLNRETLIARIEQELVQAEQAQHDHDFEKHMYAIHILTSLYASTSNTPHIGEQQMNRRIANHNQMPQSQITQPTHQVTVAEIEAMGGKVNTHSAHHHNKSYSQPSNQQQRLATDDDIGNGESIFDF*,whost
NE713,2,H10,NA,putative transcriptional regulator,H,10,SAUSA300_0577,VHVLAFLTKHHSEKFNSSSLAELTCLNPVQLRRVTTQLVDLKMIDTIRGKDGGYLANDQSADVSLATLYKHFVLEKEHHTRLFTGDEGSHCQIARNIATTMSHYQQDEQNIIINFYNGKTIKDVIEDIQKEDLCHENI*,whost
NE844,3,M7,-,ABC transporter ATP-binding protein,M,7,SAUSA300_0670,VKKLTTILFQYKIFPVLMFLVSTGLGIIVITQNILIADFLAKIIRHQFQGLWIVLFILLGVLLLRATVQFLNQWLGDTLAFKVKHMLRQRVIYKNNGHPIGEQMTILTENIDGLAPFYKSYLPQVFKSMMVPLIIIIAMFFIHFNTALIMLITAPFIPLFYIIFGLKTRDESKDQMTYLNQFSQRFLNIAKGLVTLKLFNRTEQTEKHIYDDSTQFRTLTMRILRSAFLSGLMLEFISMLGIGLVALEATLSLVVFHNIDFKTAAIAIILAPEFYNAIKDLGQAFHTGKQSEGASDVVFEFLEQPNYNNEFLLKYEENQKPFIQLTDISFRYDDSDRLVLNDLNLEIFKGDQIALVGPSGAGKSTLTHLIAGVYQPTIGTISTNQRDLNIGILSQQPYIFSASIKENITMFKDIENNTIEEVLDEVGLLDKVQSFTKGINTIIGEGGEMLSGGQMRRIELCRLLVMKPDLVIFDEPATGLDIQTEHMIQNVLFQHFKDTTMIVIAHRDNTIRHLQRRLYIENGRLIADDRNISVNITENGDDL*,whost
NE483,2,B5,pepT,peptidase T,B,5,SAUSA300_0727,MKNQLIDRLTRYTTIDTQSDPKSTTTPSTEKQWDLLHLLEKELQQLGLPTDLDENGYLFATLESNIDVDVPTVGFLAHVDTSPDFNASNVKPQIIENYDGKPYKLGNTKRVLDPKVFPELNSLVGHTLMVTDGTSLLGADDKAGIVEIMEAICYLQEHPEIKHGTIRIGFTPDEEIGRGPHKFDVDRFNADFAYTMDGSQYGELQYESFNAAEAVITCHGVNVHPGSAKNAMVNAIRLGEQFDSLLPDSEVPERTEGYEGFYHLMNFEGTVEKATLQYIIRDHDKKQFELRKKRILEIRDDINAHFENYPVKVDISDQYFNMAEKILPLPHIIDIPKRVFAKLDIPANTEPIRGGTDGSQLSFMGLPTPNIFTGCGNFHGPYEYASIDVMEKAVQVIIGIVEDIAENH*,whost
NE1013,3,I10,-,hypothetical protein,I,10,SAUSA300_0826,MINIGLTGWGDHYSLYEDLERQTDKLKTYAGHFPVVELDATYYAIQPERNILKWIKETPDTFEFVVKIHQALTLHADYKTFADTRQELFDQFKNMLEPLHTQKKLAMVLVQFPPWFDCNAQNIKYILYVRQQLQAFPMCVEFRHQSWFSDAFKEQTLAFLTEHQIIHAVVDEPQVKDGSVPLVNRITNEIAFVRYHGRNHYGWTKKDMSDQEWRDVRYLYDYNEQELIDLAQKAQILAQKAKKVYVIFNNNSGGHAANNAKTYQRLLNIEYEGLAPQQLKLF*,whost
NE1194,4,G11,-,superantigen-like protein,G,11,SAUSA300_1061,MKKNIMNKLVLSTALLLLETTSTQLPKTPISFSSEAKAYNISENETNINELIKYYTQPHFSLSGKWLWQKPNGSIHATLQTWVWYSHIQVFGSESWGNINQLRNKYVDIFGTKDEDTVEGYWTYDETFTGGVTPAATSSDKPYRLFLKYSDKQQTIIGGHEFYKGNKPVLTLKELDFRIRQTLIKNKKLYNGEFNKGQIKITADGNNYTIDLSKKLKLTDTNRYVKNPRNAEIEVILEKSN*,whost
NE1121,3,L10,NA,conserved hypothetical protein,L,10,SAUSA300_1247,MIYSITEIEARYAETDKMGVIYHGNYATWFEVARLDYISKLGFSYADMEKQGIISPVTDLNVNYKKSIFYPEKVKVKTWVEKYSRLRSVYKYEIFNEKGELATTGSTELICIKEDTFKPIRLDRYFPDWHEAYSKVQTLNNEGKTVEIMDGIDSL*,whost
NE118,1,D19,NA,nitroreductase family protein,D,19,SAUSA300_1986,MGLFKKDKKAMTFDNAMEERRSIYNLKDSISISDDELESMIAHAVKHVPSSFNSQSTRIVLLLNDNNNKFWDNTKAILKEVMGENRDFEPTEQKIDNFKHSYGTILFYEDQDVVSGLQEQMPNYYDNFAIWSTQTNAMHQFAIWTALATKGIGASLQHYNPLVDEMTSNEFNIPKSWKLIAQMPFGDIREAAGEKTFNPVEDRFVIKK*,whost
NE361,1,N2,NA,conserved hypothetical protein,N,2,SAUSA300_2068,MKDLTMLLDELKDMSFFNKGDICLIGCSTSEVIGEKIGTVGSMEVAETIFNALDVVSKETGVTFAFQGCEHINRAITIEKSQYNPLTMEEVSVVPDVHAGGSLATYAFQHMKDPIVVEHITVPCGIDIGQTLIGMHIKHVCVPVRTSVKQVGQAIVTIATSRPKKIGGERAKYQ*,whost##meta_2
NE1304,4,J15,-,transcription regulatory protein,J,15,SAUSA300_2326,MTCQLKIHHTLSTIPSRNINNIMVLFSLTSKLNITINGETKDVSNYIILINHGDIYNINHGENIIELMIPVFYFYQQDDDFFNGYLDRHLLQSSNYIKSLIADLISTPTSSSLMGKNIGQSIIDTLLKEAFIRIDHEYLPNIALSNPVFIDCVNYIHDNIDAHLSLKDIAMHCNISESYCSNLFVRYLSMNFKDYFTSIKLVNAINLLLSTKHSITTVSELAGFNSHTNFANQFKNYLHFSPKQFRSLVSKITEPPQIHFQQDNVSQFTELISTIDLTAQLATNTTDIHIDDFNPKDRSQRAKVFVRFSNFNELFQFIFNEYYDINFEHLPKPVVFIDDIHDIEISQTNYNLLNRCFEKLFEKNIGLAIAIKSTQQFETMKQLILTFLQGNQDYKTSKKLVKFMLVFCSNSMTAEEIHLCHLKIKNKNKEIKYSVTVDGFLETYSTVEQVYDVMQRLKFHYYFIDIENSKTATHLITKNQHYHQTDTHFEQYKKFILDSGISSTQFVYNNLSVSGFKYTNDGKNPIQLSDIVYHLIALLRYGGGISYQLLDDHSNYISLYNKYGSPLPLMHLYKMFRPFVNEDIEITNNYVLSRKDNNYHFLLFNKINDRYMSDVKQDFIFHNELPQDSLMIIKTLNHEHGSIQHLLPISDQLVYIEKEILDELDKTNYPKTELAVQEETGRTFELKLNHDEVKYICFKPS*,whost
NE1131,3,N6,-,amino acid permease,N,6,SAUSA300_2395,MNKDKQLHNDKINLSQLVLLGLGSLIGSGWLFGAWEASSIAGPAAIISWVLGFLVIGTIAYNYIEIGTMFPQSGGMSNYAQYTHGSLLGFIAAWANWVSLVTIIPIEAVSAVQYMSSWPWHWAKPMRYLMENGSISTYGLLAVYLIIVIFSLLNYWSVKLLTSFTSLISVFKLGVPMLTIIMLMLSGFDTSNYGHSASTFMPYGSAPIFAATTASGIIFSFNSFQTIINMGSEIKNPEKNIARGIAISLSISAVLYIILQSTFITSMPQSMLQHSGWNGINFNSPFADLAILLGINWLAILLYIEAFVSPFGTGVSFVAVTGRVLRAMEKNGHIPKFLGKMNEKYHIPRVAIIFNAIISMIMVTLFRDWGTLAAVISTATLVAYLTGPTTVIALRKMGPTMTRPFRAKILKVMAPLSFVLASLAIYWAMWPTTAEVILIIILGLPIYFFYEYRMNWRNTKKQIGGSLWIIVYLIVLSILSFIGSKEFKGLNMIHYPFDFIVIIIVALIFYYIGTTSSFESVYFRRATRINTKMRESLNNESKSSH*,whost
NE996,3,E24,-,putative transport protein,E,24,SAUSA300_2397,LSIMRLFTFILSIFIVGMVEMMVAGIMNLMSQDLHVSEAVVGQLVTMYALTFAICGPILVKLTNRFSSRPVLLWTLLIFIIGNGIIAVAPNFSILVVGRIISSAAAALIIVKVLAITAMLSAPKNRGKMIGLVYTGFSGANVFGVPIGTVIGDLVGWRYTFLFLIIVSIIVGFLMMIYLPKDQEIQRGPVNHETPSHENHVTSKILRPAEVAKYLIITFLVLIANSVTFVFINPLILSNGHDMSFVSLALLVNGIAGVIGTSLGGIFSDKITSKRWLMISVSIFIVMMLLMNLILPGSGLLLAGLFIWNIMQWSTNPAVQSGVIQHVEGDTSQVMSWNMSSLNAGIGVGGIIGGLVMTHVSVQAITYTSAIIGALGLIVVFTLKNNHYAKTFKSS*,whost
NE896,3,F15,-,hypothetical protein,F,15,SAUSA300_0903,MAGELRIMENKSREDINLSPVSKIEIYSFFDPFSSDCFKLSAILSKLRIEYNQYIRIRHILNPSLKVLTKCQAQSTSNFDNIALAYKAAELQGRVRAERFIHLMQNEIIPKRDIITESMICDCIQNAGIDLEVFKDDLQKSKLTESLKIDLHIAREMEIEQAPSLVFFSEDVHEEGLKVEGLYPYHIYTYIINELMGKPIEKNLPPKLETYIQQQQLVTMEELLTIYEWPEKLLNKELKKLAIQQKIEKLKYPDGDFWKSKMPKIKSK*,meta_1
NE1360,4,C8,fmtC,oxacillin resistance-related FmtC protein,C,8,SAUSA300_1255,MNQEVKNKIFSILKITFATALFIFVAITLYRELSGINFKDTLVEFSKINRMSLVLLFIGGGASLVILSMYDVILSRALKMDISLGKVLRVSYIINALNAIVGFGGFIGAGVRAMVYKNYTHDKKKLVHFISLILISMLTGLSLLSLLIVFHVFDASLILDKITWVRWVLYVVSFFLPLFIIYSMVRPPDKNNRFVGLYCTLVSCVEWLAAAVVLYFCGVIVDAHVSFMSFIAIFIIAALSGLVSFIPGGFGAFDLVVLLGFKTLGVPEEKVLLMLLLYRFAYYFVPVIIALILSSFEFGTSAKKYIEGSKYFIPAKDVTSFLMSYQKDIIAKIPSLSLAILVFFTSMIFFVNNLTIVYDALYDGNHLTYYILLAIHTSACLLLLLNVVGIYKQSRRAIIFAMISILLITVATFFTYASYILITWLAIIFVLLIVAFRRARRLKRPVRMRNIVAMLLFSLFILYVNHIFIAGTLYALDIYTIEMHTSVLRYYFWLTILIIAIIIGMIAWLFDYQFSKVRISSKIEDCEEIINQYGGNYLSHLIYSGDKQFFTNENKTAFLMYRYKASSLVVLGDPLGDENAFDELLEAFYNYAEYLGYDVIFYQVTDQHMPLYHNFGNQFFKLGEEAIIDLTQFSTSGKKRRGFRATLNKFDELNISFEIIEPPFSTEFINELQHVSDLWLDNRQEMHFSVGEFNEEYLSKAPIGVMRNEENEVIAFCSLMPTYFNDAISVDLIRWLPELDLPLMDGLYLHMLLWSKEQGYTKFNMGMATLSNVGQLHYSYLRERLAGRVFEHFNGLYRFQGLRRYKSKYNPNWEPRFLVYRKDNSLWESLSKVMRVIRHK*,meta_1
NE258,1,K12,cls,cardiolipin synthetase,K,12,SAUSA300_2044,MIFKLLHDTINKIYYSFKIFDGRFQMIELLSIALKHSNIILNSIFIGAFILNLLFAFTIIFMERRSANSIWAWLLVLVFLPLFGFILYLLLGRQIQRDQIFKIDKEDKKGLELIVDEQLAALKNENFSNSNYQIVKFKEMIQMLLYNNAAFLTTDNDLKIYTDGQEKFDDLIQDIRNATDYIHFQYYIIQNDELGRTILNELGKKAEQGVEVKILYDDMGSRGLRKKGLRPFRNKGGHAEAFFPSKLPLINLRMNNRNHRKIVVIDGQIGYVGGFNVGDEYLGKSKKFGYWRDTHLRIVGDAVNALQLRFILDWNSQATRDHISYDDRYFPDVNSGGTIGVQIASSGPDEEWEQIKYGYLKMISSAKKSIYIQSPYFIPDQAFLDSIKIAALGGVDVNIMIPNKPDHPFVFWATLKNAASLLDAGVKVFHYDNGFLHSKTLVIDDEIASVGTANMDHRSFTLNFEVNAFIYDQQIAKKLKQAFIDDLAVSSELTKARYAKRSLWIKFKEGISQLLSPIL*,meta_1
NE873,3,B17,agrC,accessory gene regulator protein C,B,17,SAUSA300_1991,MILMFTIPAIISGIKYSKLDYFFIIVISTLSLFLFKMFDSASLIILTSFIIIMYFVKIKWYSILLIMTSQIILYCANYMYIVIYAYITKISDSIFVIFPSFFVVYVTISILFSYIINRVLKKISTPYLILNKGFLIVISTILLLTFSLFFFYSQINSDEAKVIRQYSFIFIGITIFLSILTFVISQFLLKEMKYKRNQEEIETYYEYTLKIEAINNEMRKFRHDYVNILTTLSEYIREDDMPGLRDYFNKNIVPMKDNLQMNAIKLNGIENLKVREIKGLITAKILRAQEMNFPISIEIPDEVSSINLNMIDLSRSIGIILDNAIEASTEIDDPIIRVAFIESENSVTFIVMNKCADDIPRIHELFQESFSTKGEGRGLGLSTLKEIADNADNVLLDTIIENGFFIQKVEIINN*,meta_1
NE1919,5,P22,NA,protein phosphatase 2C domain-containing protein,P,22,SAUSA300_1112,MLEAQFFTDTGQHRDKNEDAGGIFYNQTNQQLLVLCDGMGGHKAGEVASKFVTDELKSRFEAENLIEQHQAENWLRNNIKDINFQLYHYAQENAEYKGMGTTCVCALVFEKSVVIANVGDSRAYVINSRQIEQITSDHSFVNHLVLTGQITPEEAFTHPQRNIITKVMGTDKRVSPDLFIKRLNFYDYLLLNSDGLTDYVKDNEIKRLLVKEGTIEDHGDQLMQLALDNHSKDNVTFILAAIEGDKV*,meta_1##meta_2
NE274,1,M20,NA,conserved hypothetical protein,M,20,SAUSA300_1867,MTHKYISTQMLIIFTALMIIANFYYIFFEKIGFLLVLLLGCVLVYVGYLYFHKIRGLLAFWIGALLIAFTLLSNKYTIIILFVFLLLLIVRYLIHKFKPKKVVATDEVMTSPSFIKQKWFGEQRTPVYVYKWEDVQIQHGIGDLHIDLTKAANIKENNTIVVRHILGKVQVILPVNYNINLHVAAFYGSTYVNEKSYKVENNNIHIEEMMKPDNYTVNIYVSTFIGDVEVIYR*,meta_1
NE594,2,C12,gltA,citrate synthase II,C,12,SAUSA300_1641,MAELQRGLEGVIAAETKISSIIESQLTYAGYDIDDLAENAQFEEVIFLLWNYRLPNEEELAHLKGKLNQYMTLNPRVYTHFEEYVTDHVHPMTALRTSLSYIAHFDPDAENESDENRYERAMRIQAKVASLVTAFARVRQDKEPLKPNPDLSYAANFLYMLRGELPTDIEVEAFNKALILHADHELNASAFTARCAVSSLSDMYSGIVAAVGSLKGPLHGGANEQVMTMLSEIGSIENVDAYLDEKFANKDKVMGFGHRVYKDGDPRAKYLREMSRQITKDAGREELFEMSVKMEKRMAEEKGLIPNVDFYSASVYHCMEIPHDLFTPIFAVSRSAGWIAHILEQYKDNRIMRPRAKYIGETNRKYIPLEERK*,meta_1
NE1724,5,P15,pdhA,"pyruvate dehydrogenase E1 component, alpha subunit",P,15,SAUSA300_0993,MAPKLQAQFDAVKVLNDTQSKFEMVQILDENGNVVNEDLVPDLTDEQLVELMERMVWTRILDQRSISLNRQGRLGFYAPTAGQEASQLASQYALEKEDYILPGYRDVPQIIWHGLPLTEAFLFSRGHFKGNQFPEGVNALSPQIIIGAQYIQAAGVAFALKKRGKNAVAITYTGDGGSSQGDFYEGINFAAAYKAPAIFVIQNNNYAISTPRSKQTAAETLAQKAIAVGIPGIQVDGMDALAVYQATKEARDRAVAGEGPTLIETMTYRYGPHTMAGDDPTRYRTSDEDAEWEKKDPLVRFRKFLENKGLWNEDKENEVIERAKADIKAAIKEADNTEKQTVTSLMEIMYEDMPQNLAEQYEIYKEKESK*,meta_1
NE215,1,C22,NA,putative lipoprotein,C,22,SAUSA300_0203,VKKIISIAIIVLALVLSGCGVPTKSEVAQKSSKVEVKGERPTIHFLGQASYENDMNIVKDQLENAGFNVKMNIQPDYGSYRTQRQAGNYDIQIDDWMTVFGDPNYAMTALFSSTGSNSLLKDKHVDQLLNKASTQNEADVKQTYKQIEDEVVFDKGYMAPLYGSKKNLVYDNKVLDKNSVGLPNSRALIWQQFDYNNSRERDTRPLVMTQQDGEIPTLDPIRSIAPSVYSINMNMYTRLLLLDENDHLTTKGSLSHDYAVNKDNKAFYFLLRDDDYFAKVVNGQARNTGERVSAEDVKFSLDRARDKKSVPNNNTYNMHKHINDIKILKDEDIDQLRKEKDKDDKSIYDKLIKAYNVNSLTTDGQKVNNKDGIYQIVKITTDQSMPREVNYLTHSSAGILSKKFVNQVNQEYPKGYGDSSTIPANSDGKNALYASGAYIMTQKNAYQATFQRNPGFNETEKGSYGPAKIKNITLKFNGDPNNALSELRNHSIDMLADVNQKHFDLIKSDKNLSIIRKNGRKSVFLMLNIKKGIFKTHPNLRQAVVNAIDQDQFIKFYRGDKFKIASPITPLVDTGNEQRQDLEKVEKAINQ*,meta_2
NE1719,5,P5,arcC,carbamate kinase,P,5,SAUSA300_1063,MAKIVVALGGNALGKSPQEQLELVKNTAKSLVGLITKGHEIVISHGNGPQVGSINLGLNYAAEHNQGPAFPFAECGAMSQAYIGYQLQESLQNELHSIGMDKQVVTLVTQVEVDENDPAFNNPSKPIGLFYNKEEAEQIQKEKGFIFVEDAGRGYRRVVPSPQPISIIELESIKTLIKNDTLVIAAGGGGIPVIREQHDGFKGIDAVIDKDKTSALLGANIQCDQLIILTAIDYVYINFNTENQQPLKTTNVDELKRYIDENQFAKGSMLPKIEAAISFIENNPKGSVLITSLNELDAALEGKVGTVIKK*,genetic_pairs
NE577,2,A2,NA,PAP2 family protein,A,2,SAUSA300_1310,MSQWKRISLLIVFTLVFGIIAFFHESRLGKWIDNEVYEFVYSSESFITTSIMLGATKVGEVWAMLCISLLLVAYLMLKRHKIEALFFALTMALSGILNPALKNIFDRERPTLLRLIDITGFSFPSGHAMGSTAYFGSGIYLLNRLNQGNSKGILIGLCAAMILLISISRVYLGVHYPTDIIAGIIGGLFCIILSTLLLRNKLIN*,genetic_pairs
NE370,1,N20,NA,conserved hypothetical protein,N,20,SAUSA300_1847,MIKRYLQFVKPYKYRIFATIIVGIIKFGIPMLIPLLIKYAIDGVINNHALTTDEKVHHLTIAIGIALFIFVIVRPPIEFIRQYLAQWTSNKILYDIRKKLYNHLQALSARFYANNQVGQVISRVINDVEQTKDFILTGLMNIWLDCITIIIALSIMFFLDVKLTLAALFIFPFYILTVYVFFGRLRKLTRERSQALAEVQGFLHERVQGISVVKSFAIEDNEAKNFDKKNTNFLTRALKHTRWNAYSFAAINTVTDIGPIIVIGVGAYLAISGSITVGTLAAFVGYLELLFGPLRRLVASFTTLTQSFASMDRVFQLIDEDYDIKNGVGAQPIEIKQGRIDIDHVSFQYNDNEAPILKDINLSIEKGETVAFVGMSGGGKSTLINLIPRFYDVTSGQILIDGHNIKDFLTGSLRNQIGLVQQDNILFSDTVKENILLGRPTATDEEVVEAAKMANAHDFIMNLPQGYDTEVGERGVKLSGGQKQRLSIARIFLNNPPILILDEATSALDLESESIIQEALDVLSKDRTTLIVAHRLSTITHADKIVVIENGHIVETGTHRELIAKQGAYEHLYSIQNL*,genetic_pairs
NE1283,4,F21,NA,putative transposase,F,21,SAUSA300_0028,MNYFRYKQFNKDVITVAVGYYLRYTLSYRDISEILRERGVNVHHSTVYRWVQEYAPILYQIWKKKHKKAYYKWRIDETYIKIKGKWSYLYRAIDAEGHTLDIWLRKQRDNHSAYAFIKRLIKQFGKPQKVITDQAPSTKVAMAKVIKAFKLKPDCHCTSKYLNNLIEQDHRHIKVRKTRYQSINTAKNTLKGIECIYALYKKNRRSLQIYGFSPCHEISIMLAS*,genetic_pairs
NE1088,3,F16,NA,conserved hypothetical protein,F,16,SAUSA300_2167,MNNSNFLNVELIGTKIITMEDFYKMKEEEFFLKSKLPLYLYSFNYVDEYTMKLLDRGRISILNTKTNKDCIFDISKYIHENIIFRRDIFELNDIRDDDLKYKINGYNIEVYLSGELEKIVKHLFENKFDVEYGFYILFIKPIFEIVFSSNYVKEEFNTKIESSEYRESLDSFNEILMKYLENEINFKEVWKKYIDELFKKLNVQKLLIHKKIESLISSYDKKISDDCSMYSKVFEQYKKNVVLDKVYYSEVYKYSDNLIKVFSEDVWNIMGYKKYNEYFTNRDDTTLKITNLYIGQSFGTEGNRNVIDRIGKGHEKLQEIMTYQPENRKTVLIFYKIQPDNIYITNQYGKEAVSRLKRILEQSIPNKEYIDLSEISLITFFKPEYNKQHVNEEFNSLSSSKIKNLAKENDGIIIYLNFKDVNYQLISEGNTFFSAKPYLHCVFNKDILNMDKVDIENFFKSIEVKYSK*,genetic_pairs
